ID,Name,Age,Gender,Department,Salary,Joining Date,Performance Score,Experience,Status,Location,Session
1,Cory Escobar,48,Female,HR,5641,2015-05-03,2,16,Active,New York,Night
2,Timothy Sanchez,25,Other,Sales,4249,09-11-2020,2,11,Inactive,Los Angeles,Evening
3,Chad Nichols,57,Other,Sales,3058,12-02-2019,,1,Inactive,New York,Morning
4,Christine Williams,58,Female,IT,5895,08-09-2017,2,13,Inactive,Los Angeles,Evening
5,Amber Harris,35,Other,IT,4317,15-02-2020,5,16,Inactive,New York,Evening
6,Ashley Howe,29,Female,HR,2591,24-06-2016,1,6,Active,Chicago,Evening
7,David Olson,39,Female,Sales,6826,11-05-2023,,4,Active,New York,Night
8,Amanda Baker,52,Other,HR,6285,01-04-2015,,8,Inactive,Chicago,Evening
9,Jeremy Wright,63,Female,Sales,9862,07-02-2024,,3,Inactive,New York,Night
10,Brian Faulkner,30,Male,IT,8202,26-05-2018,1,9,Active,Los Angeles,Morning
11,Nicole Bell,42,Female,Sales,5336,28-01-2015,3,7,Active,Los Angeles,Evening
12,Rodney Richardson,60,Other,HR,6908,14-03-2015,4,19,Active,Chicago,Night
13,Joshua Robinson,61,Male,IT,5688,21-06-2020,,4,Inactive,Chicago,Night
14,Benjamin Callahan,34,Male,IT,5593,23-06-2019,,2,Inactive,Los Angeles,Night
15,Matthew Collins MD,31,Female,Sales,8568,01-06-2020,,20,Inactive,Los Angeles,Evening
16,Gary Cooley,62,Male,HR,5386,25-07-2017,,2,Inactive,Chicago,Morning
17,Jonathan Perez,59,Male,HR,6586,19-02-2019,3,7,Inactive,Los Angeles,Evening
18,Jacqueline Randall,31,Female,HR,3519,18-05-2018,4,6,Active,New York,Morning
19,Nancy Stephens,38,Male,HR,9061,16-07-2017,5,16,Inactive,Chicago,Night
20,Victoria Fox,57,Female,HR,7251,07-06-2023,,10,Active,Los Angeles,Evening
21,Heather Jones,35,Male,Sales,4565,07-02-2018,,9,Active,Chicago,Night
22,Stacie Porter,61,Female,HR,4071,04-05-2020,2,9,Inactive,Chicago,Night
23,Bryce Carter,35,Female,Sales,9598,16-12-2015,4,4,Inactive,New York,Night
24,Marissa Stewart,31,Female,HR,5386,30-01-2021,,3,Active,Los Angeles,Evening
25,Tracy Carlson,21,Male,HR,9275,09-04-2022,4,12,Active,New York,Morning
26,Tara Blackwell,30,Other,HR,6120,20-02-2020,5,7,Active,New York,Evening
27,Austin Long,20,Female,IT,4899,01-05-2024,5,8,Inactive,Chicago,Night
28,Jordan Warren,55,Female,HR,4608,07-07-2018,,18,Inactive,Los Angeles,Morning
29,Vickie Campbell,65,Female,IT,9190,28-10-2019,,12,Inactive,Chicago,Morning
30,Rachel Ramsey,22,Male,Sales,9661,18-08-2016,2,17,Inactive,Chicago,Night
31,Brandi Smith,21,Other,IT,4780,20-01-2020,1,7,Inactive,New York,Night
32,Jacqueline Becker,63,Other,Sales,4270,16-12-2021,,20,Inactive,Los Angeles,Morning
33,Trevor Duncan,65,Other,Sales,6547,10-06-2024,,10,Active,Chicago,Evening
34,Mr. Brian Nelson,42,Female,IT,5207,17-08-2017,1,4,Active,Los Angeles,Night
35,Lisa Fry,51,Female,IT,9259,26-09-2017,4,17,Inactive,Los Angeles,Night
36,Kevin Watts,35,Male,IT,9078,12-06-2019,1,7,Inactive,Los Angeles,Evening
37,Jacqueline Moore,39,Male,Sales,2364,25-02-2018,1,15,Active,Los Angeles,Evening
38,Lawrence Rose,18,Female,HR,2904,11-04-2021,1,17,Inactive,Chicago,Night
39,Jordan Scott,33,Other,Sales,8678,15-05-2016,5,9,Active,Los Angeles,Evening
40,Lisa Wagner,36,Male,HR,8870,12-08-2024,4,17,Active,Los Angeles,Evening
41,Ricky Keith,20,Female,Sales,6621,29-01-2024,,20,Inactive,Los Angeles,Evening
42,Charles Mccall,58,Other,IT,9512,10-11-2024,,8,Inactive,Los Angeles,Morning
43,April Ponce,27,Female,Sales,6655,22-10-2021,,2,Inactive,Los Angeles,Evening
44,Cindy Nichols,64,Female,IT,2427,19-12-2014,,6,Active,New York,Night
45,Daniel Aguirre,20,Other,IT,4184,03-10-2017,,13,Active,New York,Morning
46,Dr. Monica Hanna PhD,27,Other,HR,4356,31-10-2020,,11,Inactive,New York,Night
47,Alicia Scott,47,Female,HR,7966,03-09-2019,,8,Inactive,New York,Morning
48,Jake Johnson,48,Other,IT,5848,03-02-2017,3,2,Active,Los Angeles,Night
49,Jamie Wood,46,Male,Sales,2773,25-02-2023,4,9,Active,New York,Morning
50,Valerie Guerrero,23,Male,HR,6253,21-09-2023,4,14,Active,Los Angeles,Night
51,Jamie Gregory,27,Other,Sales,3253,07-12-2015,,12,Active,Chicago,Morning
52,Jesse Vincent,62,Male,HR,6149,17-09-2023,,11,Inactive,Chicago,Evening
53,Steve Salinas,42,Other,Sales,6567,26-03-2022,2,19,Inactive,Los Angeles,Morning
54,Taylor Griffin,62,Other,Sales,5721,07-01-2019,5,7,Active,Chicago,Night
55,Kim Smith,63,Other,HR,4533,11-10-2023,4,16,Active,Los Angeles,Night
56,Jonathon Adams,40,Female,IT,8745,29-07-2020,,12,Inactive,Chicago,Night
57,Jeremy Conway,38,Other,IT,4954,11-08-2024,,12,Active,Los Angeles,Night
58,Johnathan Obrien,58,Female,Sales,3635,09-04-2021,,7,Active,New York,Night
59,Erik Moss,57,Male,Sales,4651,07-02-2018,,19,Active,Los Angeles,Night
60,Melinda Tyler,19,Other,Sales,5937,12-04-2021,5,9,Inactive,Los Angeles,Evening
61,Andrew Shannon,51,Other,Sales,8544,08-02-2020,,6,Active,New York,Evening
62,Carmen Taylor,33,Male,Sales,2851,30-01-2023,2,11,Active,Chicago,Morning
63,Joseph Anderson,57,Female,IT,3933,02-06-2023,,6,Active,Los Angeles,Night
64,Katherine Clark,39,Female,IT,2585,17-02-2023,2,1,Active,Los Angeles,Evening
65,Mary Miller,20,Other,Sales,3718,19-10-2019,,4,Active,Los Angeles,Morning
66,Sarah Harrell,44,Male,IT,2436,01-01-2021,,5,Inactive,Chicago,Night
67,Kelli Lopez,25,Female,HR,7637,21-09-2021,,4,Active,Los Angeles,Night
68,Denise Smith,27,Male,HR,6921,31-10-2024,2,3,Active,Chicago,Evening
69,Alyssa Taylor,29,Male,HR,7554,19-10-2017,,17,Active,Chicago,Night
70,Erica James,64,Female,IT,2442,28-09-2020,,14,Inactive,Los Angeles,Morning
71,Daniel Hamilton,40,Male,Sales,2466,08-04-2018,,15,Active,Chicago,Evening
72,Tiffany Alexander,45,Female,Sales,3897,18-05-2019,4,12,Active,Chicago,Evening
73,Jennifer Carter,52,Male,HR,8386,06-04-2016,,14,Active,Chicago,Morning
74,Amanda Rodgers,60,Male,IT,3767,21-03-2018,3,3,Inactive,Los Angeles,Night
75,Francisco Jones,18,Female,Sales,8622,01-07-2023,1,13,Inactive,Chicago,Evening
76,Cameron Butler,31,Female,IT,8032,20-10-2023,4,11,Inactive,New York,Morning
77,Victor Nelson,47,Female,Sales,2025,14-05-2015,1,5,Active,New York,Night
78,Kathy Thompson,19,Other,HR,4698,23-02-2016,3,15,Inactive,Chicago,Night
79,Michele Schmidt,56,Male,HR,5457,22-05-2016,,11,Inactive,Chicago,Evening
80,Mary Singh,39,Other,IT,5562,06-07-2019,,7,Inactive,New York,Evening
81,Julia Stanley,28,Female,HR,2077,28-07-2021,,11,Inactive,Los Angeles,Morning
82,Kevin Price,62,Male,HR,4292,12-11-2020,2,7,Active,Los Angeles,Night
83,Jamie Wright,49,Other,Sales,3111,02-11-2020,,3,Active,Chicago,Evening
84,Elaine Payne,18,Female,IT,5470,23-06-2017,3,8,Active,Los Angeles,Evening
85,Justin Rodriguez,39,Other,Sales,3115,01-07-2020,4,4,Active,Chicago,Evening
86,Chase Taylor,29,Other,IT,9901,04-10-2017,2,7,Active,Los Angeles,Evening
87,Dustin Allen,34,Male,IT,8629,08-01-2015,,9,Inactive,Chicago,Morning
88,Lori Bowen,28,Female,Sales,6839,07-01-2023,,4,Active,Los Angeles,Evening
89,Jessica Sanders,41,Male,HR,6828,02-08-2024,1,10,Inactive,Chicago,Night
90,Lauren Lee,60,Female,Sales,8710,16-07-2020,2,10,Inactive,Los Angeles,Evening
91,Kyle Schwartz,31,Male,HR,3488,16-03-2023,1,3,Active,New York,Morning
92,Bruce Campbell,58,Other,IT,5271,20-12-2023,,7,Active,Chicago,Night
93,Peter Moore,38,Other,Sales,4897,13-03-2021,1,4,Inactive,Chicago,Morning
94,Elizabeth Gallagher,21,Female,IT,2860,06-02-2023,4,4,Active,Los Angeles,Night
95,Michael Garcia,62,Male,Sales,3482,29-01-2018,3,20,Active,New York,Night
96,Jeff Wilson,45,Other,HR,3427,08-06-2024,,8,Active,Chicago,Evening
97,Holly Gaines,22,Male,Sales,5432,14-01-2017,,14,Inactive,Los Angeles,Morning
98,Matthew Fields,33,Female,HR,2378,07-08-2015,,20,Inactive,Los Angeles,Night
99,Kathleen Thomas,20,Other,IT,6768,15-09-2018,,2,Inactive,Los Angeles,Night
100,Thomas Hamilton,33,Male,Sales,8076,24-12-2017,,9,Inactive,Chicago,Morning
101,Bryan Navarro,26,Female,IT,9538,23-01-2021,,3,Active,New York,Morning
102,Jennifer Hansen,27,Other,HR,2912,22-02-2020,2,3,Inactive,New York,Night
103,James Saunders,34,Other,IT,6742,16-09-2019,,8,Active,Los Angeles,Night
104,Jose Henson,32,Male,HR,6458,25-03-2023,5,7,Active,Chicago,Evening
105,Isaiah Sanders DDS,31,Female,HR,2752,28-04-2021,5,6,Active,Chicago,Night
106,Katelyn Chavez,25,Other,HR,7371,06-10-2015,,13,Inactive,Chicago,Evening
107,Nancy Robinson,21,Other,Sales,5133,19-12-2017,,11,Active,Los Angeles,Evening
108,Sandra Allen,24,Male,IT,2578,05-01-2019,5,16,Active,Chicago,Morning
109,Mrs. Robin Mccarthy PhD,51,Male,HR,7457,24-04-2019,,15,Active,Los Angeles,Night
110,Catherine Ray,58,Female,Sales,7263,10-12-2017,,20,Active,New York,Morning
111,James Johnson,65,Female,HR,2166,20-08-2016,2,17,Inactive,New York,Morning
112,Sarah Barrera,31,Female,Sales,2303,30-10-2021,3,18,Inactive,Los Angeles,Night
113,Luke Mcpherson,34,Other,IT,9812,29-01-2016,3,13,Active,New York,Evening
114,Michael Moore,65,Other,Sales,4940,26-03-2021,2,11,Active,Los Angeles,Evening
115,Donna Manning,40,Other,IT,3935,10-05-2021,5,19,Inactive,Chicago,Morning
116,John Lloyd,19,Male,HR,3233,10-05-2017,5,6,Inactive,Chicago,Evening
117,Sean Owens,45,Male,HR,4012,09-07-2016,,10,Inactive,Los Angeles,Night
118,Gregory Robinson,32,Other,IT,8619,16-01-2021,,8,Inactive,New York,Morning
119,Tara Hudson,48,Female,IT,2898,02-01-2022,,12,Inactive,Los Angeles,Morning
120,Heidi Franklin,22,Male,HR,7187,26-01-2024,,1,Active,New York,Morning
121,David Hampton,39,Female,HR,9941,06-07-2024,3,15,Inactive,New York,Morning
122,Jacob Gonzalez,25,Male,IT,5121,12-06-2020,,1,Active,Chicago,Night
123,Kenneth Jensen,46,Other,IT,7991,21-04-2017,,13,Inactive,Los Angeles,Morning
124,Amber Pittman,24,Female,Sales,5287,08-03-2018,2,1,Active,New York,Evening
125,William Hall,23,Male,Sales,3754,16-10-2022,,8,Active,Chicago,Evening
126,Michael Wilson,38,Other,IT,2358,25-12-2016,3,14,Active,New York,Morning
127,Vanessa Gray,65,Other,Sales,8122,27-11-2015,,15,Active,Los Angeles,Night
128,Ashley Williams,65,Female,HR,9973,03-05-2020,,19,Inactive,New York,Morning
129,Shawn Marshall,28,Other,IT,2488,21-01-2019,,6,Active,Los Angeles,Morning
130,Derrick Woods,64,Female,IT,7378,22-09-2019,,18,Inactive,New York,Evening
131,Lisa Levy,64,Other,IT,7647,07-07-2021,,8,Active,Los Angeles,Evening
132,Amy Patel,38,Other,HR,2052,07-08-2020,,9,Inactive,Chicago,Evening
133,Gregory Villegas,64,Female,Sales,5723,26-06-2021,4,19,Inactive,New York,Evening
134,Arthur Tyler,30,Other,Sales,3856,19-01-2022,,13,Inactive,Chicago,Evening
135,Jonathan Schneider,33,Male,Sales,3843,03-08-2023,5,18,Inactive,Chicago,Morning
136,Donna Fox,49,Male,Sales,3128,29-09-2023,2,6,Inactive,Los Angeles,Morning
137,Rebecca Pitts,56,Female,Sales,8154,29-06-2017,,9,Inactive,Chicago,Morning
138,Annette Peterson,34,Female,Sales,4286,17-05-2020,,7,Active,Chicago,Morning
139,Mr. James Moore,46,Other,Sales,3829,21-08-2021,,11,Inactive,Chicago,Morning
140,William Hernandez,27,Other,IT,8855,18-11-2020,,18,Inactive,Chicago,Morning
141,Kevin Ruiz,18,Male,IT,8733,15-08-2020,,19,Inactive,Chicago,Night
142,Matthew Gutierrez,38,Other,Sales,5883,22-10-2024,4,14,Inactive,Chicago,Evening
143,Kelly Phillips,42,Female,Sales,3591,17-07-2020,5,20,Inactive,Los Angeles,Morning
144,Dana Potter,46,Male,IT,6368,07-04-2024,,2,Inactive,New York,Evening
145,Kimberly Murphy,25,Other,HR,3003,14-05-2019,1,19,Active,New York,Morning
146,Jessica Hernandez,20,Male,IT,4757,07-07-2017,,8,Inactive,Chicago,Morning
147,Rachel Allen,22,Other,IT,8152,30-01-2018,,4,Active,New York,Evening
148,Mr. Brandon Gonzales,37,Female,Sales,6429,23-09-2023,2,10,Inactive,Chicago,Morning
149,Matthew Perkins,57,Other,IT,3757,12-07-2023,,19,Inactive,New York,Evening
150,Robert Adkins,28,Female,Sales,8198,23-10-2020,1,15,Inactive,New York,Evening
151,Anthony Moran,54,Female,Sales,2364,28-09-2017,,5,Inactive,Chicago,Morning
152,Julie Wilson,58,Male,Sales,2621,26-08-2018,,16,Active,New York,Evening
153,Mark Morris,31,Male,IT,4451,31-12-2017,,1,Inactive,Chicago,Night
154,Charles Marsh,29,Male,HR,4056,01-11-2023,,17,Inactive,New York,Morning
155,Larry Johnson,63,Other,IT,5746,20-11-2018,5,5,Inactive,New York,Night
156,Raymond Johnson,56,Female,IT,5982,03-12-2016,5,11,Inactive,New York,Morning
157,Pamela Pierce,43,Female,HR,4710,26-06-2021,1,16,Active,New York,Night
158,Debra Smith,19,Other,HR,4527,28-04-2015,3,14,Active,Chicago,Night
159,Erin Harrison,34,Male,HR,9719,31-07-2019,2,2,Inactive,Chicago,Evening
160,Thomas Gordon,26,Male,HR,6157,30-04-2018,,15,Active,New York,Night
161,Cindy Torres,31,Male,IT,8428,17-09-2024,4,11,Inactive,New York,Evening
162,Mario Newman,36,Other,IT,3284,20-04-2015,,15,Inactive,Los Angeles,Night
163,Emily Hughes,32,Male,IT,8958,15-03-2017,,17,Active,Los Angeles,Morning
164,Emily Fisher,25,Male,HR,9021,15-09-2016,,11,Inactive,Chicago,Night
165,Sheryl Everett DDS,57,Male,Sales,3479,15-11-2017,,13,Inactive,New York,Morning
166,Caleb Coffey,49,Other,HR,6194,12-05-2024,1,19,Inactive,New York,Evening
167,Brianna Murray,28,Other,IT,3862,21-10-2018,,3,Inactive,Chicago,Night
168,Amy Bell,56,Male,IT,6006,21-10-2023,,4,Active,New York,Morning
169,Tonya Estrada,22,Other,Sales,2523,10-08-2022,2,4,Inactive,Chicago,Evening
170,George Bowers,24,Other,Sales,6041,07-12-2024,2,4,Active,New York,Night
171,Tyler Figueroa,48,Female,Sales,2913,04-12-2020,2,6,Active,New York,Evening
172,Roger Pugh,64,Other,HR,6767,14-04-2023,,11,Inactive,Los Angeles,Evening
173,Paul Ross,19,Other,Sales,6735,26-01-2022,,12,Active,Los Angeles,Morning
174,Steven Green,21,Other,IT,4043,10-10-2015,3,20,Inactive,Chicago,Morning
175,Amanda Walters,46,Other,Sales,8354,26-10-2015,,10,Active,Los Angeles,Night
176,Cody Sanchez,32,Female,Sales,5224,27-01-2019,,15,Active,Los Angeles,Evening
177,Sherri Hess,37,Female,Sales,6706,29-05-2021,3,9,Inactive,Los Angeles,Night
178,David Buchanan,52,Male,Sales,8899,12-01-2016,,17,Active,Chicago,Evening
179,Daniel Hoffman,36,Male,IT,7885,04-06-2016,2,2,Inactive,New York,Evening
180,Kathryn Choi,34,Other,IT,3671,08-05-2021,,16,Active,Los Angeles,Night
181,Sharon Patterson,33,Male,HR,6833,04-02-2015,,16,Active,New York,Night
182,Brooke Norris,58,Male,IT,5025,24-10-2020,,13,Inactive,Los Angeles,Night
183,Linda Wilson,45,Male,IT,3979,07-03-2024,3,12,Active,New York,Evening
184,Nathaniel Miller,22,Male,Sales,8840,17-01-2023,,17,Active,New York,Evening
185,Michael Edwards,19,Other,Sales,8470,20-12-2016,4,1,Inactive,Los Angeles,Evening
186,Jane Gardner,51,Other,Sales,7894,29-12-2014,,11,Inactive,Los Angeles,Night
187,Anthony Lucas,48,Female,HR,3064,26-08-2023,4,11,Active,New York,Evening
188,Robert Colon,39,Other,HR,2149,10-05-2023,4,17,Active,New York,Night
189,Patrick Williams,50,Other,IT,3737,07-08-2021,,4,Active,New York,Evening
190,Tiffany Hopkins,21,Female,HR,7708,10-11-2021,,20,Active,Los Angeles,Night
191,Miguel Finley,25,Female,IT,9374,22-08-2019,,15,Active,New York,Evening
192,John Sullivan,29,Other,IT,3049,29-08-2018,4,2,Inactive,New York,Night
193,Albert Stevens,29,Other,HR,2776,24-02-2021,2,1,Active,Chicago,Night
194,Dean Barnes,54,Other,IT,4678,18-01-2019,4,6,Active,Chicago,Morning
195,Eric York,34,Male,HR,3397,25-06-2022,4,2,Active,Los Angeles,Evening
196,Breanna Ballard,20,Other,Sales,3386,31-08-2020,,1,Inactive,New York,Evening
197,Joshua Booker,22,Male,HR,6539,12-07-2022,,2,Active,Los Angeles,Night
198,Mary King,23,Female,HR,3175,21-05-2021,,9,Active,New York,Evening
199,Jennifer Brown DVM,51,Male,HR,7908,14-04-2023,1,2,Inactive,Chicago,Evening
200,Gregory Cohen,23,Other,Sales,8119,01-01-2018,,5,Inactive,Chicago,Morning
201,Mr. James Johnson,48,Female,HR,9930,04-08-2019,5,19,Active,Chicago,Morning
202,Elizabeth Jordan,23,Other,HR,3514,01-10-2018,,1,Inactive,Los Angeles,Morning
203,Robert Carey,59,Female,IT,6267,12-01-2021,5,6,Inactive,New York,Morning
204,Randy Pace,28,Male,HR,8416,21-02-2022,,8,Active,Los Angeles,Morning
205,Brian Herrera,29,Other,Sales,5703,16-12-2018,2,10,Active,New York,Morning
206,Julie Hayden,55,Female,IT,2127,09-02-2019,,8,Active,Los Angeles,Evening
207,Mario Jackson,43,Male,IT,8563,28-12-2017,4,11,Active,Los Angeles,Night
208,Dawn Flowers,24,Female,IT,7539,05-02-2021,,5,Active,Los Angeles,Night
209,Darrell Burns,58,Other,Sales,2223,29-06-2024,,8,Active,New York,Morning
210,Mr. Jason Jones,44,Female,HR,3517,11-01-2022,5,10,Inactive,Chicago,Morning
211,Joseph Li,42,Male,HR,4603,30-07-2016,2,12,Inactive,New York,Night
212,Christopher Barrera,62,Other,HR,4751,27-10-2022,1,3,Inactive,New York,Morning
213,Tyler Carroll,54,Female,IT,6942,02-02-2021,3,5,Inactive,New York,Morning
214,Rachel Mcdonald,32,Female,Sales,2489,11-12-2015,5,3,Inactive,Chicago,Morning
215,Dawn Nelson,65,Female,IT,4538,01-02-2016,3,8,Active,Chicago,Morning
216,Sara Jones,50,Female,Sales,9377,16-10-2019,,3,Active,Los Angeles,Morning
217,Alison Anderson,35,Female,Sales,8129,29-06-2024,,3,Inactive,New York,Evening
218,Jeffery Hurley,25,Male,IT,7335,05-11-2017,1,3,Active,Los Angeles,Night
219,Melissa Flores,38,Other,Sales,3663,14-06-2016,3,3,Inactive,New York,Evening
220,Erika Schneider,20,Other,IT,4328,01-05-2018,2,12,Active,Los Angeles,Morning
221,Steven Salinas,48,Female,HR,7067,23-11-2023,,8,Inactive,Los Angeles,Morning
222,Kenneth Taylor,20,Other,Sales,6389,05-03-2017,,6,Inactive,New York,Evening
223,Jennifer Hartman,62,Female,IT,7732,20-08-2020,,18,Active,New York,Morning
224,Cheryl Potter,59,Male,IT,3379,30-07-2018,,8,Inactive,Los Angeles,Morning
225,Lori Rodriguez,27,Other,IT,3660,15-12-2023,,9,Active,Los Angeles,Night
226,Brian White,51,Other,IT,9160,27-04-2017,,15,Inactive,Los Angeles,Night
227,Ashley Robbins,49,Other,HR,8733,06-02-2019,,2,Inactive,Los Angeles,Morning
228,Mary Mcguire,45,Other,IT,8587,21-01-2019,2,18,Active,Chicago,Morning
229,Christie Warren,51,Female,Sales,9139,16-08-2020,5,1,Active,Chicago,Night
230,Monica Henderson,39,Male,IT,7250,11-07-2016,4,1,Active,Chicago,Morning
231,Connie Lucas,41,Other,HR,4782,09-12-2015,4,7,Inactive,Los Angeles,Morning
232,William Harris,26,Female,Sales,6975,26-03-2016,,14,Active,New York,Evening
233,Michelle Mendez,50,Male,IT,8718,17-07-2024,1,18,Active,Chicago,Morning
234,Richard Mendez,40,Male,Sales,7461,13-04-2022,3,7,Inactive,Chicago,Night
235,Stuart Rodriguez,33,Other,Sales,7974,15-02-2017,,7,Active,Los Angeles,Night
236,Curtis Diaz,42,Other,IT,4401,17-11-2022,1,9,Inactive,New York,Night
237,Joan Trevino,46,Male,Sales,8607,21-01-2019,5,3,Inactive,New York,Night
238,Gregory Pollard,49,Other,HR,3659,11-01-2023,,10,Inactive,Chicago,Morning
239,Lori Petty,65,Other,Sales,6332,09-05-2015,,12,Active,Chicago,Evening
240,Christina Gutierrez,37,Male,Sales,9356,02-01-2018,3,3,Active,Chicago,Morning
241,Ashley Kim,33,Male,IT,2996,10-11-2023,,11,Inactive,Chicago,Evening
242,Jennifer Wilson,54,Male,HR,9516,19-10-2021,1,8,Inactive,Chicago,Night
243,Scott Russell,35,Other,IT,2847,19-02-2020,,11,Active,Los Angeles,Morning
244,Evan Blackburn,26,Other,HR,8181,19-02-2016,,14,Inactive,Los Angeles,Night
245,Justin Hampton,55,Male,IT,7725,22-11-2024,4,10,Inactive,New York,Morning
246,Marie Reese,60,Male,Sales,7911,24-03-2019,,7,Active,Chicago,Evening
247,Sheila Gordon,50,Other,Sales,2550,17-12-2021,,15,Inactive,New York,Evening
248,Jessica Davis,22,Male,IT,2649,21-09-2024,,8,Inactive,Chicago,Night
249,Tyler Carter,65,Female,IT,8882,23-11-2018,,2,Active,New York,Morning
250,David Burke,25,Female,HR,2994,21-09-2015,,14,Active,Chicago,Morning
251,Joshua Bullock,38,Male,Sales,9924,10-01-2019,4,20,Inactive,Chicago,Night
252,Gabriel Peters,50,Other,IT,3091,15-05-2015,1,16,Active,Los Angeles,Morning
253,Christine Duran,61,Male,IT,3063,18-03-2018,1,4,Active,New York,Morning
254,Nancy Mendez,44,Other,HR,5443,20-04-2018,1,9,Inactive,Chicago,Evening
255,Susan Fisher,45,Male,HR,9207,05-01-2020,4,4,Active,Los Angeles,Morning
256,Meghan Burgess,49,Male,HR,3081,23-08-2017,,5,Inactive,New York,Night
257,Jeffery Jackson,19,Female,IT,4084,23-08-2022,3,7,Active,Los Angeles,Night
258,David Tran,18,Other,Sales,4520,24-01-2021,2,4,Inactive,New York,Evening
259,Karina Harris,40,Female,HR,4123,09-10-2022,4,6,Inactive,New York,Morning
260,Bradley Gibbs,35,Other,IT,9624,04-03-2019,1,19,Inactive,Los Angeles,Night
261,Stephen Mitchell,52,Female,IT,4322,29-07-2022,3,4,Active,New York,Night
262,Gabriel Warren,18,Other,IT,7774,21-12-2015,,12,Inactive,Los Angeles,Morning
263,James Hines,58,Male,IT,3439,13-12-2022,,16,Active,Los Angeles,Evening
264,Gabriela Wilson,40,Other,Sales,9455,19-11-2023,1,14,Active,Los Angeles,Morning
265,Kara Wilson,31,Male,IT,7692,01-09-2018,1,19,Inactive,Los Angeles,Night
266,John Butler,65,Other,Sales,8334,28-05-2024,2,15,Active,New York,Evening
267,Jared Villanueva,50,Male,IT,5970,23-06-2016,2,4,Active,New York,Morning
268,Mary Hammond,19,Other,HR,3504,04-04-2020,,14,Active,Chicago,Night
269,Margaret Mayo,30,Female,HR,4107,02-12-2018,3,14,Inactive,Chicago,Night
270,Ray Smith,31,Other,Sales,5819,20-08-2023,,8,Inactive,Los Angeles,Morning
271,Derek Morris,30,Female,IT,5472,07-01-2024,,6,Inactive,New York,Evening
272,Carrie Martinez,65,Other,Sales,2417,18-06-2021,2,17,Active,Chicago,Morning
273,Thomas Spence,25,Female,IT,8613,20-11-2016,,3,Inactive,Chicago,Night
274,Carrie Sloan,30,Other,HR,4347,16-01-2018,4,6,Inactive,New York,Morning
275,Mrs. Kimberly Woodard MD,48,Female,Sales,7287,06-03-2019,1,9,Active,Los Angeles,Night
276,Harry Alexander,22,Male,Sales,9749,15-05-2019,,5,Active,Los Angeles,Morning
277,David Cox,45,Female,IT,4514,11-06-2022,4,2,Active,Los Angeles,Morning
278,Sheryl Gray,22,Other,Sales,4226,01-10-2024,,8,Active,Chicago,Morning
279,Michael Bishop,49,Male,IT,7561,31-12-2016,,14,Active,Chicago,Evening
280,Dalton Moore,39,Female,IT,5956,16-04-2015,5,16,Inactive,Los Angeles,Morning
281,Caroline Bell,49,Other,IT,2175,09-05-2022,,16,Active,Chicago,Morning
282,Vanessa Shelton,42,Other,Sales,5756,12-09-2019,,13,Active,Chicago,Morning
283,Scott White,45,Other,Sales,4104,18-09-2017,3,5,Active,Chicago,Evening
284,Richard Smith,18,Male,Sales,2364,27-11-2016,2,12,Active,Los Angeles,Morning
285,Daniel Rodriguez,63,Male,HR,8704,28-09-2021,,10,Inactive,Los Angeles,Morning
286,Mr. Kevin Bradley,29,Female,Sales,2993,14-02-2015,,8,Inactive,Los Angeles,Morning
287,Judith Evans,20,Other,IT,4409,30-10-2015,,20,Inactive,New York,Night
288,Michele Roman,60,Other,HR,3162,14-06-2017,,20,Active,New York,Night
289,Barry Mckenzie,54,Other,Sales,5523,21-02-2020,,9,Inactive,Chicago,Night
290,Sara Stokes,30,Female,IT,9921,01-10-2018,3,2,Inactive,New York,Morning
291,Rebecca Bailey,25,Male,IT,7864,12-12-2015,3,19,Inactive,Los Angeles,Morning
292,Rachel Sosa,47,Other,IT,8158,07-02-2022,2,6,Inactive,Chicago,Night
293,Amy Hubbard,29,Male,HR,5883,26-06-2016,4,18,Inactive,New York,Evening
294,Gary Grant,41,Other,IT,3174,05-09-2017,2,16,Inactive,New York,Night
295,Kimberly Smith,24,Other,Sales,7332,28-11-2020,2,10,Active,New York,Night
296,Jennifer Nichols,21,Other,HR,4009,22-02-2015,2,13,Inactive,Los Angeles,Night
297,Rachel Robinson,20,Male,IT,8316,09-02-2021,,5,Inactive,New York,Night
298,Brandon Atkinson,55,Female,Sales,2414,02-11-2020,3,4,Active,Chicago,Night
299,Dawn Mclaughlin,45,Male,Sales,2330,17-07-2015,,17,Inactive,New York,Evening
300,Terry Smith,38,Female,Sales,9375,23-12-2022,,2,Inactive,New York,Morning
301,Alejandro Bennett,31,Female,HR,7039,26-01-2021,,18,Active,Chicago,Evening
302,Patricia Williams,26,Female,Sales,8385,17-10-2023,,15,Active,New York,Evening
303,Jose Sharp,31,Other,IT,3002,02-09-2018,1,9,Active,Los Angeles,Morning
304,Sarah Stark,27,Female,HR,6648,04-02-2019,,18,Inactive,Los Angeles,Evening
305,Mark Thomas,55,Male,Sales,7545,30-10-2017,,11,Inactive,New York,Night
306,Alexander Johnson,36,Other,Sales,7992,20-04-2024,2,7,Active,New York,Morning
307,Henry Harmon,57,Male,HR,9161,02-08-2022,,5,Inactive,Los Angeles,Morning
308,Nancy Jackson,63,Male,Sales,4979,22-09-2015,1,6,Inactive,Los Angeles,Morning
309,Taylor Walters,49,Other,HR,7149,30-12-2023,,3,Inactive,Chicago,Night
310,Abigail Rodriguez,33,Female,Sales,3636,22-04-2017,4,7,Active,Chicago,Morning
311,Dr. Susan Cook,51,Female,Sales,4572,28-07-2020,4,20,Inactive,Los Angeles,Night
312,John Jensen,58,Other,IT,3700,17-04-2023,,16,Active,New York,Night
313,Sean Barrett,26,Female,Sales,3495,03-01-2015,1,18,Active,Los Angeles,Night
314,Kenneth Brown,33,Male,Sales,4391,03-05-2020,5,6,Inactive,Los Angeles,Night
315,Samantha Clark DDS,45,Other,IT,3700,28-02-2016,3,2,Inactive,New York,Evening
316,Cynthia Cox,46,Other,IT,8499,08-12-2022,,4,Inactive,Los Angeles,Night
317,Jamie Gonzalez,43,Other,IT,7956,14-06-2023,,1,Active,Chicago,Evening
318,Joseph Thomas,63,Other,Sales,6741,16-03-2021,4,7,Active,Los Angeles,Night
319,Brent Montes,61,Female,Sales,7087,27-09-2024,2,11,Active,Los Angeles,Night
320,Elizabeth Dudley,58,Other,IT,6233,30-04-2024,1,1,Inactive,Los Angeles,Morning
321,Alexa Romero,22,Other,HR,7299,26-10-2019,2,6,Inactive,Chicago,Night
322,Jerry Smith,39,Male,Sales,7014,03-04-2018,,7,Inactive,New York,Morning
323,James Smith,53,Male,Sales,7727,13-03-2021,,16,Inactive,Los Angeles,Morning
324,Anthony Lam,46,Male,HR,8306,14-11-2024,5,15,Active,New York,Evening
325,Tom Diaz,61,Male,HR,3002,05-12-2023,,5,Inactive,Chicago,Morning
326,Vanessa Gill,26,Female,IT,2156,16-12-2021,,16,Inactive,Los Angeles,Morning
327,Robert Hensley,27,Female,IT,5280,24-06-2016,,19,Inactive,New York,Evening
328,Matthew Guerrero,22,Female,HR,7928,11-05-2021,3,1,Active,Los Angeles,Night
329,Jennifer Vargas,41,Other,IT,6164,13-12-2017,1,11,Inactive,Chicago,Morning
330,Taylor Lopez,32,Male,IT,5502,13-04-2021,4,9,Active,New York,Morning
331,Juan Dean,39,Male,HR,6830,28-06-2015,4,20,Inactive,New York,Evening
332,Karen Hayden,52,Male,Sales,5380,23-04-2020,,8,Active,Chicago,Evening
333,Heather Anderson,38,Female,Sales,6259,13-06-2016,4,5,Active,New York,Night
334,Austin Reyes,25,Female,IT,8301,16-04-2020,,14,Active,Los Angeles,Morning
335,Melissa Fisher,56,Male,HR,6496,20-10-2018,2,11,Active,Los Angeles,Night
336,Danny Allen,35,Male,HR,3656,10-10-2016,2,16,Inactive,New York,Night
337,Jose Costa,58,Other,IT,4908,25-09-2015,,18,Inactive,New York,Night
338,Michelle Brennan,60,Other,HR,9385,29-09-2024,2,15,Inactive,Chicago,Night
339,Amanda Conner,32,Female,IT,4750,25-04-2017,,8,Active,Los Angeles,Night
340,Christopher Jones,47,Other,IT,4528,05-06-2024,5,7,Active,Chicago,Morning
341,Tyrone Juarez,25,Other,IT,8628,15-03-2018,,12,Active,New York,Night
342,Chad Nelson,38,Male,HR,8438,16-09-2023,3,7,Inactive,Chicago,Morning
343,Zachary Gutierrez,45,Other,HR,3491,03-06-2019,,15,Inactive,New York,Night
344,Mark Mcbride,52,Male,IT,8000,05-03-2023,,7,Inactive,New York,Evening
345,Debra Mcdonald,25,Other,IT,3256,25-11-2023,,19,Inactive,Chicago,Morning
346,Luis Sanchez,56,Female,HR,2254,31-10-2017,5,8,Inactive,Chicago,Morning
347,David Durham,62,Female,HR,7803,20-12-2019,,8,Active,Los Angeles,Night
348,Claire Randall,59,Other,IT,2593,29-07-2016,2,14,Inactive,Los Angeles,Evening
349,Rebecca Stewart,42,Female,IT,2614,13-10-2015,,18,Inactive,Chicago,Evening
350,Ryan Cox,44,Male,IT,7895,17-06-2019,5,13,Active,Chicago,Evening
351,Andrew Fletcher,46,Other,HR,8006,23-07-2023,1,6,Inactive,Los Angeles,Morning
352,Nicole Sanchez,19,Female,IT,7335,09-01-2019,5,3,Inactive,Los Angeles,Morning
353,Paul Walters,39,Female,Sales,3353,12-11-2017,,15,Active,Los Angeles,Night
354,Melissa Johnson,30,Male,Sales,7252,27-11-2021,4,14,Active,New York,Morning
355,Karen Ramos,45,Female,HR,4213,12-11-2016,3,12,Inactive,Los Angeles,Night
356,Laura Castillo,41,Male,IT,2392,15-03-2024,1,20,Inactive,Chicago,Morning
357,James Anderson,55,Other,Sales,8344,10-10-2015,2,19,Active,Los Angeles,Evening
358,Andre Hall,61,Male,Sales,2928,04-08-2018,,15,Active,Los Angeles,Evening
359,Scott Hernandez,31,Female,IT,3830,26-12-2019,,5,Inactive,Los Angeles,Morning
360,Wendy Lee,63,Female,HR,6886,30-12-2018,2,18,Inactive,Los Angeles,Morning
361,Tony Ellison,20,Other,IT,4275,26-08-2022,,8,Active,New York,Evening
362,Samuel Irwin,51,Male,Sales,4503,15-03-2020,,5,Active,Chicago,Night
363,Mr. Timothy Mitchell DDS,29,Female,IT,7903,22-01-2018,,1,Active,New York,Night
364,Linda Wall,49,Other,HR,6590,09-03-2023,,15,Active,Los Angeles,Night
365,Mrs. Jacqueline Woodard MD,41,Female,Sales,5988,03-02-2016,5,2,Inactive,Chicago,Morning
366,Johnny Cook,52,Other,Sales,3504,12-02-2022,4,9,Inactive,Los Angeles,Morning
367,Miss Barbara Short,50,Female,Sales,7153,07-08-2024,,1,Inactive,New York,Night
368,Adam Lane,20,Other,HR,7485,16-09-2015,1,2,Active,Chicago,Morning
369,Natasha Spencer,23,Male,HR,7559,09-04-2022,,20,Active,New York,Night
370,Dawn Sanchez,49,Other,HR,5850,11-10-2020,,17,Inactive,New York,Morning
371,Robert Sims,28,Male,HR,4984,21-12-2023,,12,Inactive,Chicago,Evening
372,Allison Carroll,21,Female,IT,9474,24-05-2016,4,4,Inactive,Chicago,Evening
373,Dominic Gray,61,Other,HR,6231,01-04-2015,,15,Active,Chicago,Morning
374,Eric Hill,22,Male,HR,8147,16-06-2019,,17,Active,Los Angeles,Evening
375,Anthony Baldwin,42,Male,IT,9067,15-03-2017,5,5,Active,New York,Morning
376,Jeffrey Nguyen,58,Other,HR,2489,20-03-2018,2,1,Inactive,Chicago,Evening
377,Jonathon Mclaughlin,64,Female,Sales,5606,05-08-2015,5,19,Active,New York,Evening
378,John Anderson,63,Male,Sales,6013,28-09-2023,,10,Active,Chicago,Night
379,Amy Harvey,26,Female,Sales,3556,06-11-2021,,1,Active,Chicago,Night
380,Dustin Le,29,Male,Sales,9726,13-04-2015,1,2,Inactive,Chicago,Evening
381,Kenneth Davis,28,Male,HR,6610,08-06-2020,,12,Inactive,New York,Morning
382,David Marshall,43,Other,Sales,9269,05-10-2018,2,13,Inactive,Los Angeles,Evening
383,Kelly Norton,30,Female,IT,7241,18-12-2014,4,1,Inactive,New York,Morning
384,Wendy Taylor,28,Female,IT,7632,16-05-2020,5,12,Inactive,Los Angeles,Evening
385,Monica Baldwin,33,Female,Sales,7941,24-08-2017,,14,Active,Los Angeles,Night
386,Joseph Martin,61,Other,HR,8450,17-11-2023,,2,Inactive,New York,Evening
387,Omar Martinez,32,Male,IT,7537,30-05-2018,,10,Active,New York,Night
388,Corey Smith,27,Other,Sales,2593,27-07-2017,1,20,Active,New York,Evening
389,Maria Bowman,43,Other,IT,2355,29-03-2015,,5,Active,Chicago,Morning
390,Sandra Gill,40,Female,HR,2567,24-08-2016,,15,Active,Chicago,Evening
391,Chloe Newman,32,Other,Sales,8745,01-08-2019,5,13,Inactive,Los Angeles,Evening
392,Heather Jones,32,Female,HR,6309,25-03-2023,5,5,Active,Los Angeles,Evening
393,Natalie Chavez DDS,20,Other,IT,7431,07-09-2022,5,8,Inactive,New York,Night
394,Marilyn Baker,34,Female,IT,8079,05-06-2024,2,18,Active,Chicago,Morning
395,Robert Oliver,22,Male,HR,8844,29-05-2019,1,14,Active,New York,Morning
396,Mary Mcmillan,64,Male,IT,5850,05-06-2015,2,4,Active,New York,Morning
397,Carolyn Arnold,37,Male,HR,8104,24-11-2020,,20,Active,Los Angeles,Morning
398,Sarah Ruiz,57,Male,Sales,6316,07-01-2022,1,13,Active,New York,Morning
399,Christina Lewis,22,Female,HR,9294,04-05-2020,,11,Inactive,Chicago,Evening
400,Bradley Hernandez,63,Male,Sales,2418,21-08-2018,,7,Active,Los Angeles,Night
401,Allen Miller,35,Female,Sales,6638,31-12-2016,,13,Active,Chicago,Morning
402,Nathan Flores,52,Female,IT,4967,25-10-2019,1,3,Inactive,Los Angeles,Night
403,Briana Martin,59,Male,Sales,4496,22-05-2023,1,20,Inactive,New York,Night
404,David Clark,40,Female,IT,9276,27-09-2016,,12,Active,Chicago,Morning
405,Leroy Jones,20,Other,IT,6520,25-05-2021,,2,Active,Chicago,Morning
406,Heather Scott,57,Male,Sales,9505,18-08-2024,3,6,Inactive,New York,Night
407,Vanessa Mendoza,31,Other,IT,9268,27-07-2017,,5,Active,Chicago,Evening
408,George Weaver,22,Female,HR,7728,24-09-2017,2,17,Active,Los Angeles,Night
409,Doris Cooper,56,Female,IT,5092,09-08-2015,5,19,Inactive,Chicago,Evening
410,Bruce Anderson,51,Male,HR,6689,21-05-2023,3,18,Inactive,Los Angeles,Evening
411,Kimberly Reed,64,Male,Sales,4303,14-08-2015,,8,Inactive,Los Angeles,Morning
412,Tammy Allison,52,Female,Sales,3739,29-06-2016,5,5,Active,Los Angeles,Evening
413,Dale Mejia,27,Male,Sales,4777,25-10-2023,5,12,Active,Chicago,Morning
414,Jacob Kelley,41,Other,HR,7380,25-10-2023,,13,Active,Los Angeles,Morning
415,Matthew Hampton,37,Male,Sales,3524,22-07-2016,,12,Inactive,Los Angeles,Night
416,Brandon Smith,43,Female,IT,4117,20-10-2015,,5,Active,Los Angeles,Night
417,Cynthia Hall,51,Other,Sales,2370,26-02-2018,,5,Inactive,Chicago,Evening
418,Angel Fuller,39,Male,HR,3677,04-08-2015,,3,Active,New York,Evening
419,Sonia Davis,27,Male,HR,5837,16-11-2024,,14,Active,New York,Morning
420,Terry Gomez,64,Male,Sales,8406,20-10-2024,,7,Active,Chicago,Evening
421,Travis Brown,49,Female,HR,5735,13-04-2019,,4,Inactive,Chicago,Morning
422,Dylan Dixon,19,Female,IT,8798,07-06-2015,5,15,Active,Los Angeles,Evening
423,James Newton,30,Male,IT,5836,05-03-2023,,11,Active,New York,Evening
424,Antonio Shields,46,Male,HR,7729,11-04-2022,3,7,Inactive,Los Angeles,Night
425,Tricia Coleman,49,Male,Sales,4385,14-08-2019,,1,Inactive,Los Angeles,Morning
426,Ryan Munoz,45,Male,Sales,5367,02-04-2023,,13,Inactive,Los Angeles,Morning
427,Patricia Scott,52,Male,HR,2041,22-11-2022,1,8,Inactive,Chicago,Evening
428,Ashley Gonzales,41,Other,Sales,3720,16-08-2015,2,15,Inactive,Los Angeles,Morning
429,Vicki Carter,29,Other,Sales,7080,12-09-2015,4,4,Inactive,New York,Morning
430,Matthew Turner,62,Female,IT,4753,13-06-2020,,20,Active,Los Angeles,Morning
431,James Melton,46,Other,Sales,6746,31-07-2019,5,16,Inactive,Los Angeles,Night
432,Kayla Gregory,38,Male,Sales,7860,25-01-2023,3,8,Inactive,Los Angeles,Night
433,Bryan Medina,41,Other,HR,9516,07-04-2021,3,13,Inactive,New York,Evening
434,Cameron Harris,26,Female,HR,6763,19-04-2017,1,16,Active,Los Angeles,Morning
435,Richard Rich,27,Female,IT,7375,31-01-2023,2,16,Inactive,Los Angeles,Evening
436,Jason Robertson,37,Male,HR,5439,23-06-2016,2,14,Active,Chicago,Morning
437,Philip Huff,51,Male,HR,6877,19-07-2018,,4,Inactive,Chicago,Morning
438,Kristie Nelson,41,Other,IT,8618,04-12-2023,,6,Inactive,Los Angeles,Night
439,Mrs. Lisa Suarez,56,Male,IT,8236,06-11-2023,,2,Inactive,Los Angeles,Morning
440,Nicholas Wilson,60,Other,IT,7865,08-09-2015,2,8,Active,New York,Morning
441,Catherine Jordan,43,Female,Sales,4246,12-06-2019,,11,Active,Los Angeles,Evening
442,Michele Ruiz,53,Other,IT,5333,05-01-2023,,19,Active,New York,Evening
443,Kimberly Sparks,26,Other,Sales,9146,29-07-2024,3,3,Inactive,New York,Evening
444,Joseph Oconnor,65,Female,IT,6442,19-01-2019,4,14,Active,New York,Evening
445,Joseph Armstrong,48,Female,HR,4183,03-10-2020,4,6,Active,Chicago,Evening
446,Stephen Little,26,Other,Sales,4741,30-10-2021,,12,Inactive,New York,Morning
447,Melissa Clark,45,Female,HR,8888,11-08-2023,,13,Active,Chicago,Evening
448,Michelle Robertson,57,Female,HR,8958,07-06-2021,1,1,Active,Chicago,Morning
449,Nathan Rodriguez,29,Other,HR,8526,08-12-2021,,2,Inactive,Los Angeles,Morning
450,Marissa Hunt,40,Male,Sales,4566,18-10-2021,,2,Inactive,Chicago,Night
451,Steve Adams,63,Other,Sales,2663,31-07-2019,,16,Active,Los Angeles,Evening
452,Crystal Reyes,41,Female,Sales,3824,20-10-2018,,9,Active,New York,Morning
453,Lindsey Hall,23,Other,IT,2978,17-05-2022,2,5,Active,Chicago,Evening
454,Jay Clark,54,Other,IT,4395,21-09-2019,2,18,Inactive,Los Angeles,Evening
455,Michael Reeves,21,Female,HR,3294,20-05-2019,,13,Inactive,Chicago,Evening
456,Nicole Baxter,34,Other,IT,8946,04-12-2023,,14,Inactive,Chicago,Night
457,Cheryl Davila,55,Male,Sales,6737,15-01-2024,1,8,Inactive,Chicago,Morning
458,Emma Pratt,19,Other,IT,9946,08-04-2016,,17,Inactive,Los Angeles,Evening
459,Jennifer Nelson,44,Male,HR,7571,22-07-2017,3,7,Inactive,Chicago,Night
460,William Garrett,25,Male,Sales,8957,15-10-2022,,18,Inactive,New York,Evening
461,Jose Allen,27,Female,HR,9861,05-04-2015,3,10,Active,Chicago,Morning
462,Anne Hernandez,24,Male,HR,5998,22-02-2017,,1,Inactive,New York,Night
463,Christopher Stevens,57,Other,Sales,2495,30-01-2024,,9,Active,New York,Night
464,Alex Gordon,35,Male,Sales,5070,10-08-2022,,7,Inactive,Chicago,Night
465,Justin Thornton,35,Female,IT,6622,09-01-2020,,19,Active,Chicago,Night
466,Jeremy Perez,21,Male,IT,6980,14-03-2018,,1,Active,Los Angeles,Morning
467,Janet Carpenter,65,Other,Sales,7570,04-08-2024,5,5,Inactive,Los Angeles,Morning
468,Kimberly Brown,47,Other,HR,4781,11-12-2021,2,18,Inactive,Chicago,Night
469,Luis Shaw,29,Female,IT,4297,02-12-2023,4,10,Active,Chicago,Evening
470,Amanda Smith,65,Male,IT,5765,16-12-2016,3,9,Inactive,Los Angeles,Morning
471,Stephanie Jackson,44,Other,IT,6741,19-06-2015,,10,Active,Los Angeles,Evening
472,Matthew Thomas,65,Other,IT,5473,22-10-2020,,13,Active,New York,Evening
473,Faith Morris,18,Other,IT,4923,09-05-2021,1,8,Inactive,Chicago,Morning
474,David Potter,56,Male,IT,2016,13-07-2020,,18,Active,New York,Morning
475,Kimberly Lang,65,Female,Sales,3820,03-02-2024,4,2,Active,Chicago,Night
476,Alicia Malone,56,Female,Sales,2646,12-01-2018,,12,Inactive,Los Angeles,Evening
477,Gregory Sparks,20,Female,IT,3225,20-08-2023,1,1,Inactive,Los Angeles,Morning
478,Mary Arias,19,Male,Sales,8893,14-11-2024,,7,Active,Chicago,Evening
479,Jeffrey Robles,28,Male,Sales,8039,04-07-2024,,8,Active,Chicago,Evening
480,Jay Scott,28,Other,HR,5496,21-01-2015,,18,Active,Chicago,Night
481,Brandon Flores,41,Female,Sales,4368,10-11-2023,4,11,Inactive,Los Angeles,Morning
482,Donna King,28,Male,IT,6725,02-08-2016,5,16,Active,Chicago,Night
483,Curtis Barrett,29,Female,Sales,5215,08-09-2021,,6,Inactive,Chicago,Evening
484,Jason Hayden,43,Female,IT,3929,26-02-2017,1,17,Active,Chicago,Evening
485,Patricia Washington,27,Male,IT,6050,05-11-2017,5,15,Active,Chicago,Night
486,Chelsea Owens,64,Male,IT,8514,21-05-2021,2,8,Active,New York,Morning
487,Kayla Garcia,44,Female,Sales,6034,27-05-2020,,9,Inactive,New York,Night
488,Lisa Torres,36,Male,HR,5608,21-06-2020,1,9,Inactive,New York,Evening
489,Madison Smith,26,Male,IT,5993,30-08-2024,2,17,Inactive,New York,Morning
490,Molly Choi,55,Other,Sales,5001,07-11-2016,4,7,Active,Chicago,Evening
491,Kristy Phillips,22,Other,Sales,5217,17-05-2019,,12,Active,Chicago,Evening
492,Dr. Jacob Castaneda DVM,53,Other,Sales,9181,17-02-2024,5,1,Inactive,Los Angeles,Morning
493,Dr. Thomas Brown,42,Other,HR,2106,10-02-2017,2,9,Active,Chicago,Night
494,Michael Torres,23,Female,HR,6730,12-05-2024,,18,Inactive,New York,Night
495,Scott Fleming,51,Female,HR,2700,04-12-2018,,12,Inactive,Chicago,Morning
496,Patrick Martin,50,Other,Sales,8594,30-10-2021,5,9,Inactive,Chicago,Night
497,Brittany Martinez,30,Other,Sales,3558,16-10-2020,,18,Inactive,New York,Night
498,Lori Thomas,52,Male,IT,7471,14-03-2023,,9,Inactive,New York,Evening
499,Paul Mccullough,62,Other,IT,6359,12-01-2021,2,15,Active,Los Angeles,Evening
500,Bruce Rodriguez,62,Male,IT,9773,23-09-2019,,19,Inactive,Los Angeles,Night
501,Kristi Stevens,22,Male,HR,6558,30-10-2021,1,14,Active,Chicago,Night
502,Christina Hayes,32,Male,Sales,7401,28-07-2020,,8,Active,Los Angeles,Evening
503,Dawn Choi,28,Female,IT,8308,21-10-2018,5,18,Active,Los Angeles,Night
504,Zachary Bowen,25,Male,Sales,2712,28-05-2016,,10,Active,Chicago,Morning
505,Crystal Lee,64,Male,HR,3934,09-07-2022,5,20,Inactive,Los Angeles,Night
506,Dr. Justin Vega,50,Female,HR,3135,20-03-2020,,17,Inactive,Los Angeles,Night
507,Bradley Riley,62,Other,IT,3980,09-01-2024,,9,Active,New York,Morning
508,George Mcpherson,35,Male,HR,8602,30-10-2018,2,17,Inactive,New York,Morning
509,Erica Garcia,32,Female,IT,3726,11-10-2021,,4,Active,Chicago,Night
510,Christopher Black,62,Female,HR,3278,29-08-2021,5,10,Inactive,Los Angeles,Evening
511,Charles Smith,24,Female,IT,5716,13-12-2019,5,15,Active,Chicago,Night
512,Ellen Wright,56,Male,HR,7339,06-01-2023,,1,Active,New York,Evening
513,Ryan Hess,41,Male,HR,3067,06-12-2023,2,19,Active,Los Angeles,Evening
514,Miss Alyssa Perez DDS,59,Other,HR,8297,13-10-2015,4,1,Inactive,Los Angeles,Morning
515,Taylor Williamson,48,Male,HR,9293,10-03-2015,,17,Inactive,Chicago,Night
516,Megan Sullivan,42,Female,IT,4243,24-05-2023,3,2,Active,Los Angeles,Evening
517,Christina Lowe,35,Female,Sales,9630,03-07-2018,,1,Active,Los Angeles,Night
518,Anthony Sanchez DVM,37,Other,IT,9844,28-11-2020,,4,Active,Los Angeles,Morning
519,Kyle Strong,46,Female,HR,6688,06-05-2019,,16,Active,New York,Night
520,Omar Thomas,60,Male,Sales,2949,12-11-2015,2,18,Inactive,Chicago,Morning
521,Angela Jimenez,44,Other,HR,2246,02-05-2016,2,6,Inactive,New York,Evening
522,Rebecca Stone,18,Female,HR,2302,08-01-2024,,6,Active,New York,Night
523,Kyle Smith,37,Male,IT,8961,04-09-2020,1,1,Inactive,Chicago,Evening
524,Gwendolyn Ray,36,Female,Sales,3619,08-06-2021,3,7,Inactive,New York,Evening
525,Stephen Wilcox,19,Other,HR,8100,06-02-2019,1,4,Active,Chicago,Night
526,Ashley Barber,55,Male,IT,3072,26-08-2022,,16,Inactive,New York,Night
527,Brittany Holt,55,Male,IT,2247,18-02-2018,4,19,Inactive,New York,Morning
528,Amber Rodriguez,18,Male,Sales,4941,11-12-2022,5,19,Active,Los Angeles,Morning
529,Anne Roberts,44,Male,Sales,6936,20-11-2016,2,2,Active,Chicago,Evening
530,Katie Vega,40,Female,HR,7002,06-08-2019,2,20,Active,Los Angeles,Night
531,Gabriel Weber,32,Male,HR,2759,10-05-2016,5,7,Inactive,Los Angeles,Evening
532,Jeffrey Williamson,54,Other,IT,9988,08-12-2015,,16,Inactive,Chicago,Evening
533,Jason Juarez,61,Other,Sales,2646,25-03-2019,,17,Inactive,Los Angeles,Morning
534,Toni Hall,53,Other,HR,3093,23-10-2016,3,7,Active,New York,Night
535,Ryan Ramos,28,Female,Sales,4004,22-10-2016,,10,Active,Chicago,Morning
536,Thomas Stuart,30,Male,HR,4615,07-01-2022,,11,Inactive,Los Angeles,Evening
537,Joseph Adams,31,Female,Sales,3299,28-02-2018,,10,Inactive,New York,Night
538,Kimberly Burke,20,Male,IT,2492,25-09-2016,,3,Inactive,Los Angeles,Morning
539,Brandon Church,38,Male,HR,8388,02-08-2021,1,20,Inactive,Chicago,Morning
540,Jonathan Reed,39,Female,IT,9823,02-04-2019,,1,Active,Chicago,Night
541,Julie Turner,53,Female,HR,6092,01-09-2021,,16,Active,New York,Evening
542,Joseph Vargas,46,Female,Sales,5594,05-09-2016,,3,Active,Chicago,Evening
543,Michael Parker,37,Other,HR,6468,17-11-2018,,13,Inactive,Los Angeles,Evening
544,Erin Cunningham,63,Other,HR,9838,10-06-2015,5,20,Active,Los Angeles,Morning
545,Elizabeth Watson,47,Female,HR,2766,11-10-2018,,20,Inactive,Los Angeles,Night
546,Tara Mccoy,31,Male,IT,8103,23-05-2020,5,4,Active,Chicago,Night
547,Louis Larsen,24,Male,Sales,8608,30-10-2018,,20,Inactive,Los Angeles,Night
548,Tara Waller,50,Other,IT,3902,21-10-2020,,5,Inactive,Los Angeles,Evening
549,Morgan Thompson,32,Other,HR,7206,11-01-2018,,9,Inactive,New York,Night
550,Jason Greene,26,Male,Sales,5184,09-12-2018,,11,Active,Chicago,Evening
551,Patricia Terry,50,Male,Sales,3609,30-01-2020,,3,Inactive,Los Angeles,Evening
552,Melissa Erickson,48,Other,IT,2152,04-07-2020,,11,Active,Los Angeles,Morning
553,Amanda Griffith,26,Male,Sales,9704,30-05-2019,,9,Active,New York,Evening
554,Leslie Walker,20,Other,IT,2061,05-09-2024,3,14,Inactive,Chicago,Morning
555,Johnny Dalton,28,Other,HR,2673,05-10-2023,,17,Inactive,New York,Night
556,Crystal Kidd,29,Female,HR,8220,20-11-2019,5,11,Active,Los Angeles,Morning
557,Kristina Phillips,24,Male,IT,7887,22-01-2018,,14,Active,Chicago,Night
558,Michaela Rivera,28,Male,HR,9163,05-10-2018,2,12,Active,Los Angeles,Morning
559,Tammy Mcpherson,63,Female,Sales,2640,24-10-2020,,3,Active,New York,Morning
560,Carrie Thomas,39,Female,Sales,2831,22-03-2022,4,8,Active,Los Angeles,Evening
561,Kimberly Davis,52,Female,HR,7404,06-01-2024,4,15,Inactive,New York,Morning
562,Pamela Levine,37,Female,HR,8201,13-11-2017,2,16,Inactive,Chicago,Morning
563,Beverly Logan,51,Female,HR,9646,08-08-2021,,18,Inactive,Chicago,Evening
564,Pamela Ellison,23,Female,HR,7551,18-10-2018,,13,Inactive,New York,Night
565,Kathleen Ross,50,Male,IT,8941,12-09-2018,2,11,Active,New York,Morning
566,Erica Jones,46,Female,Sales,3768,19-10-2022,1,4,Inactive,Chicago,Night
567,Adam Thomas,32,Female,HR,9370,08-05-2021,4,20,Inactive,New York,Night
568,Courtney Lucas,20,Other,Sales,7155,17-11-2015,,1,Inactive,Los Angeles,Night
569,Kimberly Montgomery,55,Female,Sales,6345,06-03-2019,,2,Active,Los Angeles,Evening
570,Paul Smith,35,Other,IT,2042,22-12-2016,,4,Active,New York,Evening
571,Tamara Harding,18,Other,HR,2392,08-03-2017,,20,Active,Los Angeles,Evening
572,Suzanne Miller,41,Other,Sales,4208,26-02-2023,4,5,Inactive,Chicago,Evening
573,Laura Harvey,22,Male,IT,3141,06-02-2024,,19,Inactive,New York,Night
574,Patrick Rodriguez,38,Male,IT,3532,18-11-2018,,1,Active,New York,Morning
575,Sabrina Davis,27,Other,HR,3247,22-09-2021,4,11,Active,Chicago,Morning
576,Eric Smith,34,Male,HR,5168,15-12-2023,1,14,Inactive,New York,Evening
577,Chad Kennedy,49,Male,Sales,7111,15-03-2022,5,18,Active,Chicago,Night
578,Denise Lindsey,28,Other,IT,4002,25-03-2015,2,12,Active,New York,Evening
579,Dawn Fuller MD,18,Other,HR,8824,03-11-2015,5,11,Inactive,New York,Morning
580,Mark Santiago,32,Male,HR,3736,26-09-2018,3,17,Active,New York,Evening
581,Jennifer Stewart,32,Female,HR,9772,05-05-2021,1,8,Inactive,Los Angeles,Night
582,Sara Harris,35,Other,IT,3433,07-03-2024,,11,Active,New York,Evening
583,Nicholas Anderson,60,Male,Sales,3154,13-02-2016,,12,Inactive,New York,Night
584,Robin Williams,19,Other,HR,6531,01-11-2018,2,10,Inactive,Los Angeles,Morning
585,Angela Bell,62,Female,Sales,2844,11-04-2015,5,10,Active,New York,Evening
586,Alexander Mitchell,24,Other,HR,2401,21-01-2020,2,19,Inactive,New York,Night
587,Leslie Harmon,47,Male,IT,5440,19-09-2016,,11,Inactive,New York,Evening
588,Krystal Rice,42,Other,HR,9390,05-08-2021,5,13,Inactive,New York,Morning
589,Mr. Gary Ramos,64,Other,Sales,7293,05-12-2022,2,4,Inactive,Los Angeles,Night
590,Meghan Beck,18,Female,HR,7088,05-11-2020,,7,Active,Los Angeles,Night
591,Nancy Vincent,38,Other,HR,7948,06-09-2020,,18,Inactive,Los Angeles,Morning
592,Jonathan Rangel,49,Other,Sales,9323,19-01-2021,,18,Inactive,Chicago,Evening
593,Laura Smith,47,Female,Sales,7876,30-04-2019,2,1,Active,Los Angeles,Morning
594,Amber Mason,28,Other,HR,8165,27-12-2020,,4,Active,Chicago,Evening
595,Michelle Smith,35,Other,Sales,9906,18-12-2018,,9,Active,Los Angeles,Evening
596,Megan Barry,53,Female,Sales,8742,05-04-2019,,16,Inactive,Los Angeles,Evening
597,Kathy Clark,55,Female,IT,4040,23-05-2015,2,19,Inactive,New York,Morning
598,Brenda Torres,20,Male,HR,2256,10-04-2020,,9,Active,New York,Evening
599,James Rose,58,Female,HR,2593,01-08-2019,,11,Inactive,Chicago,Night
600,Stephen Weber,20,Male,HR,7375,15-02-2016,5,2,Active,Chicago,Night
601,Jason Hess,30,Female,IT,7847,04-04-2024,3,10,Inactive,New York,Morning
602,Connie Collins,52,Male,Sales,6509,07-05-2021,1,1,Active,Chicago,Morning
603,Melissa Evans,37,Female,HR,4680,22-11-2020,2,13,Inactive,Los Angeles,Evening
604,Thomas Martinez,50,Male,HR,7767,24-03-2021,1,3,Inactive,New York,Morning
605,Erin Phillips,65,Female,Sales,8054,04-01-2022,2,9,Active,New York,Night
606,Stephanie Lopez,36,Female,IT,5765,31-08-2023,1,17,Inactive,New York,Night
607,Christopher Knapp,54,Male,HR,5240,13-07-2016,,12,Inactive,New York,Evening
608,Shelly Russo,48,Female,Sales,3845,14-09-2015,4,13,Active,Chicago,Night
609,Kimberly Galvan,55,Male,HR,8646,24-03-2018,2,14,Inactive,New York,Night
610,Renee Burnett,62,Male,Sales,4160,25-08-2021,3,12,Active,Chicago,Night
611,Kerry Simon,50,Male,Sales,6272,19-01-2018,,1,Active,New York,Night
612,Alfred Barr,31,Female,Sales,4654,01-05-2020,,7,Inactive,Chicago,Morning
613,Kelsey Hines,64,Other,IT,9282,06-10-2016,,20,Active,New York,Evening
614,Elizabeth Dudley,64,Other,HR,5152,05-05-2019,,15,Active,New York,Night
615,Kimberly Dunlap,53,Male,HR,4213,21-06-2018,,1,Active,Los Angeles,Morning
616,David Pena,59,Male,IT,3105,09-07-2017,3,9,Active,Los Angeles,Night
617,Sarah Castro,19,Other,IT,6934,20-10-2019,4,8,Inactive,Los Angeles,Evening
618,Tiffany Richardson,36,Other,IT,9775,24-11-2018,4,5,Active,Los Angeles,Night
619,Terry Burch,63,Male,IT,5417,05-12-2019,2,11,Active,Los Angeles,Evening
620,Jason Davis,31,Female,IT,6675,21-10-2017,,9,Active,New York,Night
621,Henry Bennett,51,Other,Sales,5740,29-09-2023,,17,Active,Los Angeles,Evening
622,John Rodriguez,42,Female,IT,4781,20-01-2023,,4,Inactive,Los Angeles,Night
623,Joseph Smith,26,Male,Sales,8377,23-06-2022,2,7,Active,Chicago,Morning
624,Anthony Miller,64,Other,Sales,8635,09-06-2020,,20,Inactive,New York,Evening
625,Jennifer Clark,64,Male,IT,4232,21-05-2023,2,10,Active,New York,Night
626,Douglas Martin,23,Female,HR,7218,17-01-2017,1,19,Inactive,New York,Night
627,Brenda Carter,36,Male,IT,9295,04-03-2020,,7,Inactive,Chicago,Evening
628,Terri Foster,20,Male,HR,6165,22-12-2017,,9,Active,New York,Morning
629,Brenda Lang,23,Male,HR,3790,01-08-2024,2,13,Active,New York,Morning
630,Patricia Scott,52,Other,Sales,9364,05-11-2019,,5,Active,New York,Evening
631,Melissa Vega,21,Female,Sales,5970,09-11-2016,,6,Active,Los Angeles,Evening
632,Taylor Thompson,23,Other,HR,7974,26-07-2018,,14,Inactive,New York,Morning
633,Tina Welch,21,Other,HR,7343,01-02-2019,,7,Inactive,Los Angeles,Morning
634,Heather Arias,21,Female,Sales,3913,23-11-2017,,9,Active,New York,Evening
635,Ralph Newman,65,Other,IT,4565,10-04-2022,3,2,Active,New York,Night
636,Stacy Bell,37,Female,Sales,3622,10-02-2017,,15,Active,Los Angeles,Evening
637,Tyler Miller,54,Female,IT,5589,18-08-2021,,10,Inactive,Los Angeles,Evening
638,Valerie Lee,51,Other,HR,2218,10-02-2023,,5,Inactive,Chicago,Evening
639,Jimmy Wade,19,Male,Sales,2277,21-10-2019,1,4,Active,Los Angeles,Night
640,Carlos Mcmillan,24,Other,IT,8973,18-03-2016,,4,Inactive,Los Angeles,Morning
641,Laurie Mata,51,Other,HR,3779,27-11-2021,5,20,Inactive,Chicago,Night
642,Brianna Phelps,37,Male,Sales,6354,03-12-2021,,9,Active,Los Angeles,Night
643,Heather Henry,45,Female,IT,7756,05-07-2018,3,5,Inactive,Los Angeles,Night
644,Rebecca Avery,40,Female,HR,6918,03-02-2019,5,1,Active,Los Angeles,Night
645,Anthony Blankenship,33,Other,IT,9323,16-10-2017,,10,Active,Chicago,Morning
646,Alice Martin,37,Male,HR,2899,10-02-2021,2,4,Inactive,Chicago,Night
647,Phillip Nelson,28,Other,Sales,8643,23-04-2019,1,11,Active,Chicago,Morning
648,Emily Martin,58,Male,Sales,4038,06-09-2020,3,13,Active,Los Angeles,Evening
649,Monica Blake,19,Other,Sales,8687,19-11-2016,,9,Active,New York,Morning
650,Rebecca Carter,36,Female,IT,6907,28-04-2015,,6,Inactive,Chicago,Morning
651,Jason Warren,57,Female,HR,2850,24-10-2019,,1,Active,Los Angeles,Evening
652,Julian Maxwell,47,Female,IT,3343,26-01-2022,,1,Inactive,Los Angeles,Night
653,Mrs. Kimberly Day MD,61,Male,HR,5508,06-04-2016,5,5,Active,Los Angeles,Night
654,Rachel Roman,19,Male,Sales,3896,21-09-2023,3,12,Inactive,Los Angeles,Night
655,Elizabeth Johnston,59,Other,HR,5042,18-04-2018,2,13,Inactive,Chicago,Night
656,Sabrina Norris,55,Female,Sales,8505,23-12-2022,,9,Inactive,New York,Morning
657,Brandi Harvey,40,Other,HR,4393,21-12-2020,,7,Active,Chicago,Night
658,Hayden Parsons,28,Other,Sales,3453,01-05-2017,,13,Inactive,Chicago,Night
659,Gregory Marshall,20,Male,HR,3500,11-08-2020,,20,Active,New York,Morning
660,Eric Bailey,65,Female,HR,5816,24-06-2021,4,9,Active,Chicago,Evening
661,Dawn Coleman,48,Female,HR,8150,30-03-2017,,3,Active,New York,Night
662,Alex Jones,47,Male,Sales,7270,11-12-2022,1,3,Inactive,Chicago,Night
663,Bobby Tanner,28,Other,HR,6861,10-02-2023,1,12,Inactive,Chicago,Night
664,Jeffrey Stephens,51,Other,IT,6903,10-06-2020,,9,Active,Chicago,Night
665,Brenda Mendoza,43,Female,Sales,9053,20-02-2024,1,9,Active,New York,Evening
666,John Adkins,43,Other,Sales,6853,28-08-2017,,10,Inactive,New York,Night
667,James Diaz,23,Female,IT,4156,05-11-2015,,17,Inactive,New York,Evening
668,Leslie Velez,29,Male,IT,8335,02-01-2020,,17,Inactive,Chicago,Morning
669,Michael Lee,23,Male,Sales,8898,09-04-2020,1,15,Active,New York,Night
670,Lindsey Davis,31,Female,Sales,6174,05-07-2015,,3,Inactive,New York,Evening
671,Sara Brewer,62,Other,HR,7445,04-05-2017,2,19,Inactive,Chicago,Morning
672,Seth Brown,28,Other,IT,3478,03-05-2020,3,16,Inactive,Los Angeles,Night
673,Stanley White,35,Female,IT,4196,05-11-2022,5,6,Inactive,New York,Morning
674,Mrs. Theresa Wilson,20,Female,Sales,2372,13-10-2018,4,8,Active,Chicago,Morning
675,John Freeman,60,Male,HR,3436,22-10-2021,1,10,Active,Los Angeles,Night
676,Charles Nichols,59,Other,Sales,8057,27-08-2020,,6,Active,New York,Evening
677,Cory Roth,40,Other,IT,5765,16-09-2016,,18,Inactive,New York,Evening
678,Michelle Durham,35,Male,HR,5900,25-04-2015,,12,Active,Chicago,Evening
679,Manuel Lewis,42,Female,IT,8696,09-12-2023,,11,Inactive,New York,Morning
680,Jeremy Garcia,58,Female,HR,2477,08-10-2024,,4,Active,New York,Morning
681,Christy Jordan,19,Female,IT,6725,25-10-2022,3,6,Active,Chicago,Morning
682,Colleen Jones,29,Other,Sales,7514,26-07-2022,1,8,Inactive,New York,Night
683,Zachary Brown,21,Other,Sales,4750,10-03-2020,2,8,Inactive,New York,Morning
684,Jill Stanton,48,Male,HR,5309,29-03-2023,1,5,Active,New York,Morning
685,Kristen Jackson,50,Female,IT,9782,20-04-2015,,9,Inactive,Chicago,Night
686,Jillian Ramos,27,Other,HR,6589,16-10-2016,,3,Inactive,New York,Evening
687,Angel Henry,20,Male,Sales,4483,29-07-2016,2,19,Active,New York,Night
688,Brandon Martin,20,Female,IT,9044,08-10-2021,,7,Active,Los Angeles,Morning
689,Natalie Byrd,29,Male,HR,3504,05-07-2016,,10,Active,Chicago,Evening
690,Samuel Rivera,35,Female,HR,5531,13-01-2017,,7,Active,Chicago,Morning
691,Dr. Danny Mccann,60,Other,IT,4255,12-09-2021,,17,Active,New York,Evening
692,Jim Scott,47,Male,Sales,2145,23-08-2021,,10,Active,Chicago,Night
693,Molly Harris,63,Male,IT,7897,20-08-2024,,20,Active,New York,Evening
694,Edward Smith,61,Other,IT,3742,17-08-2017,,16,Active,New York,Evening
695,Jessica Lopez,50,Female,HR,4721,08-11-2024,5,16,Active,Los Angeles,Evening
696,Cynthia Melton,62,Other,HR,2873,18-09-2019,3,1,Inactive,Chicago,Morning
697,John Smith,61,Female,IT,3398,15-10-2019,,4,Inactive,Chicago,Night
698,Carl Armstrong,22,Male,IT,4927,13-05-2016,5,20,Active,Los Angeles,Evening
699,Ashley Garcia,48,Other,Sales,2106,28-02-2020,2,3,Active,Chicago,Night
700,David Pierce,39,Female,IT,7614,22-03-2021,,10,Active,New York,Evening
701,Jerry Thompson,44,Female,IT,8634,28-02-2021,,3,Inactive,New York,Evening
702,Lisa Ramirez,43,Female,IT,4925,25-05-2016,,3,Active,New York,Evening
703,Rhonda Salinas,53,Male,HR,5273,27-07-2021,1,4,Inactive,New York,Night
704,Cheryl Chambers,42,Other,IT,9621,18-11-2018,2,16,Active,Los Angeles,Night
705,Mr. Micheal Henry,39,Male,IT,7371,02-02-2017,1,4,Inactive,Chicago,Night
706,Raymond Nelson,28,Female,Sales,7873,10-09-2022,3,2,Active,Chicago,Night
707,Angela Roberts,42,Male,IT,9871,09-07-2018,,5,Inactive,Los Angeles,Morning
708,Megan Lamb,51,Female,Sales,4164,11-09-2020,3,8,Inactive,New York,Morning
709,Brian Owens,23,Male,HR,5648,05-07-2020,,19,Active,New York,Morning
710,Jacob Woods,54,Female,IT,9592,03-06-2020,,1,Active,New York,Night
711,Ellen Barker,57,Female,IT,2096,02-10-2016,5,1,Inactive,New York,Night
712,Dana Garcia,40,Female,IT,4386,22-04-2024,1,19,Inactive,Chicago,Night
713,Howard Key,47,Male,HR,7123,04-04-2019,,11,Active,New York,Night
714,Melissa Wallace,41,Female,IT,3591,22-09-2015,2,18,Inactive,Los Angeles,Morning
715,Monique Davis,22,Female,IT,5449,10-03-2016,3,2,Inactive,Los Angeles,Evening
716,Mary Martinez,26,Other,Sales,4664,15-12-2023,,16,Inactive,Chicago,Evening
717,Jeff Johnson,20,Other,IT,7345,11-12-2014,,11,Inactive,New York,Morning
718,Douglas Ramirez,45,Male,Sales,7615,27-04-2021,,7,Inactive,Chicago,Evening
719,Amy Miller,27,Other,HR,6899,04-09-2017,5,3,Inactive,New York,Morning
720,Patrick Evans,60,Other,IT,5107,27-11-2017,5,4,Active,Chicago,Night
721,Shannon Jackson,49,Female,IT,5126,24-07-2015,4,13,Inactive,Los Angeles,Morning
722,Kelly Rios,60,Other,IT,2131,17-06-2015,4,19,Active,New York,Evening
723,Jill Buchanan,57,Male,HR,6974,13-08-2024,4,6,Active,Los Angeles,Evening
724,Keith Johnson,49,Male,IT,7298,21-09-2020,,18,Inactive,Los Angeles,Evening
725,Gregory Smith,36,Female,IT,4936,13-04-2022,,12,Active,Chicago,Evening
726,Joseph Klein,64,Other,Sales,2962,16-04-2019,,17,Inactive,Los Angeles,Night
727,David Gregory,36,Male,Sales,2321,11-12-2023,,1,Active,Chicago,Evening
728,Tammy Dixon,60,Male,HR,5312,29-09-2021,,8,Active,Los Angeles,Night
729,Linda Hawkins,60,Other,HR,4524,05-06-2015,3,3,Inactive,New York,Morning
730,Deborah Sanchez,65,Female,IT,9136,05-07-2020,,3,Inactive,Chicago,Morning
731,Melissa Carey,40,Female,IT,6352,03-06-2020,2,4,Active,Los Angeles,Morning
732,Corey Johnson,36,Male,HR,7378,26-10-2016,,2,Active,Chicago,Morning
733,Jay Evans,21,Male,HR,8147,29-03-2022,5,2,Inactive,Chicago,Morning
734,Kevin Green,44,Male,HR,5551,13-09-2021,3,17,Active,Chicago,Night
735,Rebecca Padilla,44,Female,Sales,2683,30-09-2018,3,3,Active,Los Angeles,Morning
736,Dave Romero,25,Male,IT,9392,20-04-2024,,17,Inactive,New York,Morning
737,David Mills,24,Female,HR,2727,07-12-2020,,1,Inactive,Chicago,Night
738,William Alexander,25,Female,Sales,2797,26-03-2021,2,17,Inactive,New York,Night
739,Mr. John Hill II,36,Female,Sales,2709,07-09-2021,,9,Inactive,Los Angeles,Night
740,John Foster,44,Other,IT,3062,28-01-2021,1,3,Active,New York,Night
741,Christy Berry,41,Female,Sales,8189,12-10-2016,,3,Active,Chicago,Morning
742,Jason Ortiz,25,Female,IT,3647,18-10-2020,2,19,Inactive,New York,Evening
743,Timothy Guzman,41,Female,Sales,9409,17-09-2023,,16,Inactive,New York,Morning
744,Manuel Ramirez,34,Female,Sales,2786,27-07-2017,1,6,Active,Los Angeles,Evening
745,Erik Rodriguez,51,Other,HR,2892,06-10-2016,,8,Active,Los Angeles,Night
746,Jo Richards,51,Male,Sales,8009,14-12-2020,,15,Inactive,Chicago,Night
747,Veronica Bennett,51,Other,IT,5497,26-12-2021,5,13,Inactive,Los Angeles,Morning
748,Zoe Camacho,58,Male,Sales,2451,22-11-2020,4,2,Active,New York,Night
749,Jennifer Cruz,54,Other,HR,9098,05-09-2022,,4,Inactive,Chicago,Morning
750,William Garza,36,Male,IT,2162,22-05-2019,,7,Active,New York,Morning
751,Matthew Anderson,45,Male,IT,2532,25-05-2021,3,7,Active,New York,Night
752,David Powell IV,40,Other,IT,8831,27-01-2021,5,8,Active,New York,Morning
753,Lynn Franco,53,Other,IT,8632,27-12-2020,,15,Inactive,Chicago,Morning
754,Kelly Sutton,28,Female,IT,9146,16-10-2022,5,13,Active,Chicago,Evening
755,Sheri Cortez,39,Male,HR,8348,11-06-2023,,19,Active,Chicago,Morning
756,Stanley Baker,28,Other,Sales,5009,14-08-2017,2,1,Active,Chicago,Evening
757,James James,38,Male,Sales,9666,14-04-2016,,15,Active,Los Angeles,Morning
758,Mr. Harry Allen,34,Other,Sales,3395,31-05-2015,3,4,Active,Los Angeles,Morning
759,Matthew Roberts,53,Male,Sales,9917,07-07-2017,1,16,Active,Los Angeles,Evening
760,Gary Lee,32,Other,IT,9626,25-04-2020,,16,Active,Los Angeles,Night
761,Taylor Dean,34,Female,Sales,4424,22-08-2021,5,19,Inactive,New York,Night
762,Madeline Contreras,19,Other,HR,9825,16-11-2018,4,5,Inactive,Los Angeles,Morning
763,Terri Ross,51,Female,IT,9654,15-04-2022,1,11,Active,Los Angeles,Night
764,Darrell Wall,30,Male,IT,6212,05-05-2021,4,15,Inactive,Chicago,Night
765,Roberta Haas,48,Male,HR,3927,13-07-2019,5,20,Inactive,Chicago,Evening
766,Steve Smith,42,Female,Sales,3414,13-02-2023,2,20,Inactive,Chicago,Evening
767,William Davis,62,Other,IT,4483,01-06-2021,,8,Active,Los Angeles,Morning
768,Paige Hayes,27,Female,Sales,6086,05-06-2016,2,1,Active,Chicago,Night
769,Julie Baird,26,Other,HR,6745,10-10-2024,,16,Active,Los Angeles,Evening
770,Isaac Shannon,19,Other,HR,6166,12-10-2020,,10,Active,New York,Night
771,Daniel Lee,64,Female,Sales,7841,29-08-2017,3,14,Active,Chicago,Night
772,Willie Miller,39,Female,Sales,4949,27-08-2022,5,7,Inactive,New York,Evening
773,Bryan Brown,45,Other,IT,8462,12-03-2019,3,2,Active,Los Angeles,Evening
774,Penny Jennings,30,Other,IT,9314,08-11-2016,,4,Active,Los Angeles,Morning
775,Christopher Swanson,62,Female,Sales,5349,12-12-2020,2,8,Inactive,Los Angeles,Evening
776,Emily Price,53,Male,HR,7659,02-09-2020,3,16,Active,Los Angeles,Evening
777,Rebecca Gonzalez,61,Male,Sales,7765,22-03-2018,2,16,Inactive,Los Angeles,Night
778,Danielle Garza,58,Other,IT,3703,11-04-2016,2,6,Inactive,Chicago,Night
779,David Nelson,39,Other,Sales,9653,08-08-2021,,19,Inactive,New York,Morning
780,Brian Phillips,37,Other,HR,2511,02-07-2022,,5,Inactive,Chicago,Morning
781,Anita Jones,44,Male,IT,6141,15-05-2017,3,1,Active,Los Angeles,Evening
782,Sheila Moore,18,Male,HR,2973,29-05-2019,,4,Active,Chicago,Morning
783,Alex Thompson,54,Female,HR,6145,03-02-2019,3,7,Inactive,New York,Evening
784,Danielle Gomez,46,Male,IT,5031,16-06-2018,,7,Active,New York,Morning
785,Alyssa Harris,49,Male,HR,4679,27-11-2022,,15,Active,Chicago,Morning
786,Steve Morton,20,Other,Sales,3265,16-12-2022,5,7,Active,Los Angeles,Evening
787,John Smith,19,Female,HR,4666,01-06-2016,,16,Inactive,Chicago,Evening
788,David Williams,33,Female,Sales,2078,22-09-2021,3,15,Inactive,New York,Night
789,Lauren Williams,27,Other,Sales,3153,04-12-2020,2,5,Active,New York,Morning
790,Carrie Butler,65,Male,Sales,3369,09-03-2016,,12,Inactive,Chicago,Evening
791,Matthew Hernandez,59,Other,IT,9265,17-04-2021,1,3,Active,Los Angeles,Evening
792,Lauren Richardson,35,Other,Sales,3717,16-07-2016,4,4,Inactive,Chicago,Evening
793,Olivia Butler,28,Female,IT,9518,05-10-2024,,9,Active,Los Angeles,Night
794,Carrie Clark,30,Female,HR,2912,21-12-2018,,11,Active,New York,Morning
795,Elizabeth Wolf,63,Female,Sales,5419,17-08-2016,,7,Inactive,New York,Night
796,Joanne Griffin,37,Male,IT,5423,27-09-2015,,18,Inactive,Chicago,Morning
797,Jacob Shannon,35,Other,Sales,9926,04-09-2016,,7,Active,Chicago,Night
798,Melanie Casey,44,Other,HR,4713,09-10-2017,5,2,Active,New York,Morning
799,Lori Gray,49,Female,IT,5690,09-02-2016,,20,Active,New York,Morning
800,Ann Mcdonald,52,Female,HR,7496,27-05-2019,3,6,Active,Los Angeles,Night
801,Jesse Wilson,22,Female,HR,8220,24-02-2023,,12,Inactive,New York,Evening
802,Cynthia Vasquez,52,Male,Sales,4721,08-01-2024,3,7,Active,Chicago,Night
803,Lawrence Smith,27,Male,HR,6247,20-03-2024,2,9,Active,Los Angeles,Morning
804,Jacob Aguilar,23,Male,IT,2372,01-06-2020,,1,Inactive,Chicago,Morning
805,Gerald Sharp,53,Other,HR,8136,25-02-2016,,6,Inactive,Chicago,Morning
806,Terri Richards,35,Female,Sales,5940,17-12-2023,,5,Inactive,Chicago,Evening
807,Elizabeth Vega,61,Female,HR,8381,17-12-2021,1,8,Inactive,New York,Night
808,Jeremy Cooper,58,Female,HR,3241,16-09-2023,2,6,Active,Chicago,Evening
809,Matthew Bonilla,44,Male,IT,9092,11-06-2018,2,20,Active,Chicago,Morning
810,Eric Montgomery,60,Female,HR,3710,12-07-2023,,19,Active,Los Angeles,Evening
811,Susan Gonzalez,62,Male,IT,7862,20-10-2018,,3,Inactive,New York,Evening
812,Jesse Miller,52,Male,HR,9993,27-11-2020,,12,Active,Chicago,Evening
813,Mr. Dustin Cross,65,Female,HR,4716,23-02-2017,5,17,Active,Los Angeles,Evening
814,Dr. Pamela Key,27,Female,Sales,7359,06-09-2018,,7,Active,New York,Night
815,Jennifer Ward,31,Female,IT,3565,30-11-2021,5,4,Active,New York,Night
816,Philip Henderson,31,Other,HR,6825,04-06-2023,2,12,Active,New York,Morning
817,Rachael Benson,64,Female,HR,5547,28-03-2023,,7,Inactive,New York,Night
818,Donald Warner,18,Female,HR,5520,09-10-2015,3,12,Inactive,Chicago,Night
819,Wayne Schneider,43,Other,Sales,5163,30-11-2022,,7,Inactive,Chicago,Morning
820,Amber Ward,54,Female,Sales,7880,19-09-2024,3,6,Active,New York,Night
821,Karen Washington,31,Male,Sales,8949,21-10-2018,,5,Inactive,New York,Morning
822,Shawn Wells,26,Other,HR,6872,30-08-2017,,15,Active,Chicago,Night
823,Michelle Jackson,52,Female,IT,5262,16-09-2017,,9,Inactive,Chicago,Morning
824,Jesse Mendoza,52,Other,IT,7966,01-11-2022,1,13,Inactive,New York,Night
825,Tracy Powers,65,Female,IT,3535,08-05-2020,,19,Active,New York,Morning
826,Sarah Sanders,54,Other,IT,9279,24-03-2021,,18,Inactive,New York,Morning
827,Maria Franklin,60,Male,IT,4635,16-10-2023,5,9,Inactive,New York,Night
828,Melanie Andersen,20,Other,IT,3716,07-01-2023,3,11,Inactive,Chicago,Night
829,Michael Snyder,55,Other,Sales,7497,03-02-2024,1,20,Inactive,New York,Morning
830,Kimberly Morris,50,Female,Sales,7236,17-02-2024,,12,Inactive,New York,Morning
831,Daniel Williamson,25,Male,IT,3612,19-10-2021,,15,Inactive,New York,Evening
832,Jared Webb,18,Male,IT,7530,22-06-2016,2,1,Inactive,New York,Morning
833,Susan Davis,54,Female,Sales,4232,03-07-2015,5,3,Active,Chicago,Morning
834,Michelle Wolfe,63,Male,Sales,6576,08-01-2016,,11,Active,Los Angeles,Evening
835,Keith Smith,53,Other,HR,4215,19-11-2022,1,9,Active,Los Angeles,Morning
836,Jonathan Rivera,47,Female,HR,4906,08-06-2019,2,8,Inactive,Chicago,Night
837,Bryan Walsh,42,Female,IT,7551,11-04-2018,5,10,Inactive,Chicago,Night
838,William Best,36,Other,HR,7188,06-04-2023,,18,Inactive,Chicago,Evening
839,Anne Estes,59,Female,Sales,2801,07-04-2015,2,9,Inactive,Los Angeles,Evening
840,Jeffrey Morton,22,Female,HR,7904,30-01-2024,2,10,Inactive,Chicago,Night
841,Jacqueline Evans,60,Other,HR,8240,27-11-2017,4,13,Inactive,New York,Night
842,Tammy Smith,30,Female,Sales,2087,09-01-2015,5,6,Inactive,Los Angeles,Morning
843,Sara King,36,Female,Sales,8775,31-05-2021,,3,Inactive,Los Angeles,Evening
844,Robert Goodman,21,Other,IT,9051,26-03-2021,5,20,Inactive,New York,Evening
845,Gerald Cooke,33,Other,Sales,9693,29-08-2017,,17,Inactive,New York,Morning
846,Natasha Harris,36,Male,HR,4316,16-02-2021,,17,Active,Chicago,Evening
847,Darryl Nolan,35,Male,HR,7435,20-12-2018,,19,Inactive,Chicago,Morning
848,Edward Wilkerson,55,Other,Sales,4560,14-01-2023,,20,Inactive,Chicago,Morning
849,Frank Gomez,55,Female,Sales,6659,07-06-2021,2,18,Inactive,Chicago,Night
850,Dr. Shawn Miranda,26,Male,HR,8255,20-08-2017,,2,Active,New York,Evening
851,Geoffrey Roberts,59,Other,IT,5937,15-10-2023,4,11,Inactive,Chicago,Night
852,Elizabeth Kramer,61,Other,Sales,7347,23-10-2017,5,8,Active,New York,Night
853,Robert Williams,60,Male,IT,6762,22-07-2017,3,2,Inactive,New York,Evening
854,Mr. Ryan Beck,61,Male,IT,5369,21-03-2024,1,7,Active,Los Angeles,Night
855,Amy Heath,54,Male,Sales,6897,02-01-2021,2,20,Active,Los Angeles,Evening
856,Zachary Cox,24,Other,IT,2499,19-08-2018,,8,Active,New York,Night
857,Nicholas Guerra,23,Male,HR,7314,04-01-2016,,17,Active,Los Angeles,Morning
858,Sarah Fletcher,41,Male,HR,9285,11-04-2023,3,19,Active,New York,Evening
859,Katelyn Jacobson,41,Other,Sales,7503,30-08-2018,,6,Active,New York,Morning
860,Jenna Marquez,28,Female,IT,8971,21-03-2016,,17,Inactive,New York,Night
861,Jennifer Smith,23,Other,HR,7176,13-03-2015,4,6,Active,Los Angeles,Evening
862,Daniel Duke,45,Male,HR,4808,13-12-2019,2,10,Active,Los Angeles,Evening
863,Dana Payne,28,Male,HR,8191,10-02-2022,,2,Active,New York,Morning
864,Miss Jessica Jones,39,Male,HR,2947,04-10-2021,,10,Inactive,Los Angeles,Evening
865,Jessica Garcia,47,Male,Sales,8619,23-08-2024,2,13,Active,Los Angeles,Night
866,Rachel Jones,19,Female,HR,5015,26-07-2021,5,8,Inactive,Los Angeles,Evening
867,Brent Mendoza,22,Male,Sales,5700,15-09-2021,5,16,Active,Chicago,Night
868,Daniel Malone,55,Female,Sales,3695,08-06-2016,1,6,Active,Chicago,Night
869,Nicholas Rodriguez,50,Other,Sales,4694,25-05-2021,5,10,Inactive,Chicago,Evening
870,Jerry Lopez,26,Male,Sales,2387,20-05-2019,,11,Inactive,Chicago,Morning
871,Nicole Cook,41,Female,HR,8495,06-09-2022,1,19,Inactive,Los Angeles,Night
872,Anthony Ferguson,41,Male,Sales,7556,03-02-2023,,16,Active,New York,Evening
873,Kimberly Miller,52,Male,Sales,5282,22-10-2022,4,5,Inactive,Los Angeles,Morning
874,Jennifer Clark,25,Female,HR,7713,18-05-2017,,20,Inactive,Chicago,Evening
875,Katherine Wong,34,Other,HR,6706,15-10-2018,,13,Active,Los Angeles,Evening
876,John Becker,29,Female,IT,3452,29-11-2022,,19,Inactive,Chicago,Night
877,Nicole Smith,50,Other,HR,8274,06-11-2023,,3,Active,New York,Evening
878,Megan Castillo,18,Other,Sales,5086,05-06-2022,,4,Inactive,Chicago,Morning
879,Ashley Alvarado,54,Other,IT,2937,03-10-2018,,13,Inactive,Los Angeles,Night
880,Sarah Thomas,54,Male,IT,6185,29-10-2016,,1,Active,New York,Evening
881,Mckenzie Moore,53,Male,HR,8758,14-07-2023,,5,Active,Chicago,Morning
882,Ryan James,41,Male,Sales,7686,16-02-2015,,13,Inactive,Los Angeles,Evening
883,Jaclyn Collins,47,Male,IT,2029,05-12-2019,,17,Active,Los Angeles,Morning
884,Jay Atkinson,51,Male,HR,7315,02-10-2024,,8,Active,Chicago,Evening
885,Whitney Chambers,65,Male,Sales,8456,26-03-2016,3,14,Active,New York,Evening
886,Dawn Gonzales,21,Male,HR,8766,21-06-2020,,10,Inactive,Los Angeles,Night
887,Christine Hooper,43,Female,IT,8772,13-10-2021,,6,Active,New York,Morning
888,Joel Anthony,52,Female,Sales,7588,26-05-2017,1,9,Inactive,Chicago,Night
889,Jodi Graves,32,Other,IT,9511,23-05-2022,,3,Inactive,Los Angeles,Evening
890,Vicki Taylor,48,Female,IT,6114,04-08-2021,1,1,Active,Chicago,Night
891,Johnathan Donaldson,37,Female,IT,7496,18-02-2020,5,7,Inactive,Chicago,Evening
892,Monica Parker,60,Male,Sales,8117,13-04-2020,1,7,Inactive,New York,Morning
893,Chelsea Hill,31,Male,HR,4345,03-05-2024,5,12,Active,Los Angeles,Night
894,Lance Davis,34,Other,Sales,7651,27-01-2019,3,2,Inactive,Chicago,Night
895,Ruth Randall,19,Male,IT,8059,24-07-2017,4,3,Active,Los Angeles,Night
896,Patricia Lee,56,Female,HR,3168,02-04-2016,1,6,Active,New York,Morning
897,Tyrone Elliott,36,Male,HR,6289,27-03-2016,1,12,Inactive,Chicago,Evening
898,Laura Montgomery,56,Female,Sales,4269,15-06-2020,,13,Active,Los Angeles,Morning
899,Tiffany Jordan,44,Male,Sales,9819,15-07-2022,,13,Active,New York,Morning
900,Richard Pearson,52,Other,IT,7473,24-04-2023,2,10,Active,Chicago,Morning
901,John Rogers,29,Male,HR,7568,13-01-2024,5,17,Active,Los Angeles,Evening
902,Andrea Bond,50,Other,HR,3312,08-06-2023,,4,Inactive,Los Angeles,Evening
903,Christina Henry,39,Female,HR,6644,03-01-2018,,7,Active,Chicago,Evening
904,Leslie Mason,42,Other,Sales,9658,31-10-2019,1,14,Inactive,New York,Evening
905,Daniel Stanley,22,Other,HR,7388,07-09-2016,4,13,Inactive,Chicago,Morning
906,Bradley Parker,36,Other,Sales,2371,16-03-2023,,5,Active,Los Angeles,Evening
907,Christina Carlson,42,Female,Sales,2015,08-05-2020,1,14,Inactive,Chicago,Evening
908,Kimberly Burke,59,Female,Sales,5628,08-10-2016,,4,Inactive,Chicago,Evening
909,Sara Martinez,34,Other,HR,9951,18-02-2024,,6,Inactive,New York,Night
910,Peter Hardy,38,Other,IT,5134,04-12-2022,5,14,Active,Chicago,Night
911,Kimberly Moses,49,Female,IT,6502,28-05-2022,3,1,Active,Los Angeles,Evening
912,Larry Fritz,29,Female,Sales,4999,25-02-2021,,16,Inactive,Los Angeles,Morning
913,Courtney Lopez,59,Female,Sales,4875,18-01-2015,,6,Active,Los Angeles,Evening
914,Megan Woods,56,Other,IT,5322,10-10-2022,,6,Active,Los Angeles,Evening
915,Benjamin Brown,31,Female,HR,3340,19-12-2016,,4,Inactive,Los Angeles,Morning
916,Matthew Cole,21,Female,HR,6900,21-09-2016,,10,Active,Chicago,Morning
917,Jose Powell,50,Male,IT,6907,09-01-2024,1,4,Active,Los Angeles,Night
918,Erin Walker,45,Female,HR,6585,18-02-2016,,9,Inactive,Los Angeles,Evening
919,Tammy Schneider,22,Other,IT,3625,24-10-2016,4,14,Active,Chicago,Morning
920,Cheryl Singh,56,Other,HR,9761,14-05-2020,,6,Inactive,Los Angeles,Evening
921,Vicki Hicks,29,Male,HR,4077,25-10-2015,1,3,Inactive,Chicago,Evening
922,Rachel Spencer,52,Other,IT,5090,26-12-2015,,9,Active,Los Angeles,Evening
923,Joseph Murillo,39,Male,HR,9553,30-05-2018,,15,Active,Los Angeles,Morning
924,Eric Collins,34,Other,Sales,6162,30-04-2018,3,10,Inactive,Chicago,Night
925,Richard Martin,38,Male,Sales,6578,13-09-2023,,1,Active,Chicago,Morning
926,John Thompson,48,Male,HR,7192,05-12-2016,,4,Inactive,Chicago,Night
927,Laura Stewart,55,Female,HR,6341,31-07-2023,,13,Inactive,New York,Morning
928,Jason Reed,23,Male,IT,3405,11-01-2016,,20,Inactive,Chicago,Night
929,Christopher Taylor,62,Female,IT,4876,11-12-2019,,18,Active,Chicago,Night
930,Nathaniel Castillo DDS,45,Other,HR,5730,10-01-2016,,19,Inactive,Los Angeles,Night
931,Stephanie Rodriguez,22,Other,HR,3681,23-04-2020,3,16,Active,New York,Night
932,Ronald Miller,20,Male,Sales,2850,24-10-2017,2,18,Active,New York,Night
933,Kristin Cole,50,Male,Sales,9616,03-02-2017,2,13,Inactive,Los Angeles,Night
934,Jeanette Mcbride,37,Male,IT,3364,10-12-2015,2,8,Active,Los Angeles,Evening
935,Christopher Krause,30,Male,IT,2735,11-11-2015,,16,Active,New York,Evening
936,Ryan Vazquez,62,Female,Sales,4369,04-12-2024,,17,Active,Chicago,Morning
937,Justin Turner,65,Other,HR,8129,29-02-2016,,10,Active,New York,Night
938,Gary Mitchell,52,Female,Sales,9963,22-09-2016,5,20,Inactive,Los Angeles,Morning
939,Andrea Odom,60,Female,Sales,8067,03-12-2023,,8,Inactive,New York,Evening
940,Joshua Murphy,57,Female,HR,8927,22-07-2024,,17,Active,Chicago,Night
941,Raymond Smith,49,Male,IT,7068,22-05-2019,,11,Active,Chicago,Morning
942,Elizabeth Middleton,38,Other,HR,8277,05-09-2020,4,9,Inactive,Los Angeles,Evening
943,Logan Peterson,60,Other,IT,2300,17-02-2017,,13,Active,New York,Morning
944,Tina Ramos,35,Male,IT,7251,15-12-2020,3,19,Active,Los Angeles,Evening
945,Mary Armstrong,29,Female,HR,9402,13-12-2017,,1,Active,New York,Night
946,Joel Tyler,49,Male,Sales,2940,05-05-2020,5,8,Inactive,New York,Night
947,Alex Walker,23,Male,IT,6916,11-10-2016,,10,Inactive,Los Angeles,Morning
948,Laura White,60,Other,IT,4595,17-07-2016,,6,Inactive,New York,Night
949,Kevin Bates,62,Other,HR,7389,03-01-2021,3,10,Active,Los Angeles,Evening
950,Dustin Carrillo,52,Other,Sales,5770,20-06-2016,1,10,Inactive,Los Angeles,Morning
951,Glenn Alexander,44,Male,IT,2389,10-04-2015,,15,Inactive,Chicago,Evening
952,Kevin Pearson,43,Female,IT,5833,28-06-2021,4,15,Active,Chicago,Night
953,Carmen Hurley,20,Male,HR,2786,14-10-2024,1,15,Active,Los Angeles,Morning
954,Ruth Osborne,53,Male,HR,5616,31-07-2022,4,16,Active,Los Angeles,Night
955,Gregory James,42,Other,Sales,4887,28-08-2020,3,13,Inactive,Chicago,Night
956,Erin Kelley,49,Other,Sales,3437,19-08-2019,,18,Inactive,Los Angeles,Night
957,Debra Knox,54,Other,Sales,6091,22-01-2018,2,12,Active,New York,Evening
958,Stacy Rogers,34,Other,Sales,6501,25-10-2023,,13,Active,Chicago,Night
959,Morgan Coleman,51,Female,HR,6415,20-03-2022,1,8,Inactive,New York,Evening
960,Alex Stuart,63,Other,HR,7490,11-03-2023,,16,Active,New York,Night
961,Charlene Nelson,63,Other,Sales,4954,22-11-2021,1,15,Inactive,New York,Night
962,Paula Moreno,21,Female,Sales,3896,14-03-2021,,7,Active,Chicago,Night
963,Matthew Rowe,65,Female,Sales,6788,22-01-2024,4,6,Active,New York,Evening
964,John Jordan,35,Male,HR,3433,06-09-2020,4,3,Active,Chicago,Night
965,April Parsons,46,Other,IT,3132,04-07-2015,2,10,Inactive,Chicago,Evening
966,Edgar Herrera MD,65,Female,HR,2959,26-06-2019,,2,Active,Los Angeles,Evening
967,Andres Barnett,50,Female,HR,2736,25-08-2024,1,13,Active,Chicago,Evening
968,Elizabeth Miles,25,Other,IT,4977,05-07-2024,2,19,Inactive,Los Angeles,Evening
969,Nicholas Edwards,65,Other,Sales,8928,05-04-2020,1,6,Active,Chicago,Evening
970,Michael Mejia,53,Male,Sales,8260,30-08-2020,,15,Inactive,New York,Night
971,Michael Reed,50,Male,IT,5639,07-09-2015,3,1,Inactive,New York,Morning
972,Kelsey Fischer,22,Male,IT,9049,21-06-2016,,19,Inactive,Chicago,Night
973,James Mendoza,23,Other,Sales,6871,11-04-2016,4,15,Inactive,New York,Morning
974,Catherine Kelley,18,Other,IT,3388,26-08-2024,,19,Inactive,Chicago,Evening
975,Brett Myers,37,Male,IT,3288,16-05-2018,2,15,Inactive,Los Angeles,Night
976,Bryce Anderson,52,Female,IT,2093,22-09-2020,,14,Active,New York,Night
977,Kimberly Ross,19,Male,Sales,9331,03-07-2018,5,12,Active,New York,Morning
978,Larry Johnson,24,Other,Sales,5081,30-10-2020,3,7,Inactive,New York,Morning
979,Michael Lee,18,Female,IT,6086,30-05-2019,4,7,Inactive,Los Angeles,Evening
980,Crystal Espinoza,55,Female,IT,4952,04-09-2023,2,5,Active,Chicago,Night
981,Jeffrey Johnson,28,Male,HR,2244,06-07-2021,4,2,Inactive,Chicago,Night
982,Emily Anderson,31,Female,Sales,4921,29-08-2016,,19,Active,New York,Evening
983,Stephen Ponce,46,Other,Sales,8696,14-10-2022,4,1,Active,New York,Evening
984,David Moody,43,Male,HR,8830,10-09-2021,,19,Inactive,Chicago,Evening
985,Jeffrey Hall,41,Other,IT,8768,27-08-2018,3,16,Inactive,Los Angeles,Night
986,Regina Ferguson,62,Other,HR,8555,21-04-2017,1,14,Inactive,Los Angeles,Morning
987,Melissa Bradley,39,Female,IT,9618,05-07-2015,1,13,Active,New York,Morning
988,Danielle Brown,31,Female,IT,5605,28-06-2024,,1,Active,Chicago,Morning
989,Hannah Hickman,36,Female,IT,9118,02-07-2022,5,5,Active,New York,Night
990,Shannon Meyer,18,Other,HR,9985,05-11-2022,4,18,Active,Chicago,Night
991,Amy Johnston,53,Female,HR,3991,03-09-2024,4,8,Active,Chicago,Morning
992,William Schultz,23,Other,Sales,4311,17-08-2019,,10,Inactive,Los Angeles,Evening
993,Ashley Daniels,25,Other,Sales,5524,24-11-2022,,8,Inactive,New York,Morning
994,Brandon Bruce,31,Female,HR,3371,25-09-2018,5,12,Inactive,Chicago,Night
995,Rachel Phillips,22,Male,IT,3096,27-10-2018,2,7,Inactive,Chicago,Evening
996,Pamela Reeves,49,Female,Sales,7652,23-06-2024,4,3,Active,Los Angeles,Evening
997,Todd Johnson,29,Female,Sales,6754,20-07-2018,,12,Inactive,New York,Morning
998,Michael Sanchez,18,Male,Sales,5278,05-07-2023,5,3,Active,New York,Morning
999,Ashley Taylor,51,Female,IT,5437,18-02-2022,4,9,Inactive,Los Angeles,Evening
1000,Shawn Scott,45,Male,IT,7364,31-07-2022,2,4,Active,New York,Morning
