ID,Age,Salary,Performance Score,Experience,Name,Gender,Department,Joining Date,Status,Location,Session
1.0,48.0,5641.0,2.0,16.0,Cory Escobar,Female,HR,2015-05-03,Active,New York,Night
2.0,25.0,4249.0,2.0,11.0,Timothy Sanchez,Other,Sales,09-11-2020,Inactive,Los Angeles,Evening
3.0,57.0,3058.0,0.0,1.0,Chad Nichols,Other,Sales,12-02-2019,Inactive,New York,Morning
4.0,58.0,5895.0,2.0,13.0,Christine Williams,Female,IT,08-09-2017,Inactive,Los Angeles,Evening
5.0,35.0,4317.0,5.0,16.0,Amber Harris,Other,IT,15-02-2020,Inactive,New York,Evening
6.0,29.0,2591.0,1.0,6.0,Ashley Howe,Female,HR,24-06-2016,Active,Chicago,Evening
7.0,39.0,6826.0,0.0,4.0,David Olson,Female,Sales,11-05-2023,Active,New York,Night
8.0,52.0,6285.0,0.0,8.0,Amanda Baker,Other,HR,01-04-2015,Inactive,Chicago,Evening
9.0,63.0,9862.0,0.0,3.0,Jeremy Wright,Female,Sales,07-02-2024,Inactive,New York,Night
10.0,30.0,8202.0,1.0,9.0,Brian Faulkner,Male,IT,26-05-2018,Active,Los Angeles,Morning
11.0,42.0,5336.0,3.0,7.0,Nicole Bell,Female,Sales,28-01-2015,Active,Los Angeles,Evening
12.0,60.0,6908.0,4.0,19.0,Rodney Richardson,Other,HR,14-03-2015,Active,Chicago,Night
13.0,61.0,5688.0,0.0,4.0,Joshua Robinson,Male,IT,21-06-2020,Inactive,Chicago,Night
14.0,34.0,5593.0,0.0,2.0,Benjamin Callahan,Male,IT,23-06-2019,Inactive,Los Angeles,Night
15.0,31.0,8568.0,0.0,20.0,Matthew Collins MD,Female,Sales,01-06-2020,Inactive,Los Angeles,Evening
16.0,62.0,5386.0,0.0,2.0,Gary Cooley,Male,HR,25-07-2017,Inactive,Chicago,Morning
17.0,59.0,6586.0,3.0,7.0,Jonathan Perez,Male,HR,19-02-2019,Inactive,Los Angeles,Evening
18.0,31.0,3519.0,4.0,6.0,Jacqueline Randall,Female,HR,18-05-2018,Active,New York,Morning
19.0,38.0,9061.0,5.0,16.0,Nancy Stephens,Male,HR,16-07-2017,Inactive,Chicago,Night
20.0,57.0,7251.0,0.0,10.0,Victoria Fox,Female,HR,07-06-2023,Active,Los Angeles,Evening
21.0,35.0,4565.0,0.0,9.0,Heather Jones,Male,Sales,07-02-2018,Active,Chicago,Night
22.0,61.0,4071.0,2.0,9.0,Stacie Porter,Female,HR,04-05-2020,Inactive,Chicago,Night
23.0,35.0,9598.0,4.0,4.0,Bryce Carter,Female,Sales,16-12-2015,Inactive,New York,Night
24.0,31.0,5386.0,0.0,3.0,Marissa Stewart,Female,HR,30-01-2021,Active,Los Angeles,Evening
25.0,21.0,9275.0,4.0,12.0,Tracy Carlson,Male,HR,09-04-2022,Active,New York,Morning
26.0,30.0,6120.0,5.0,7.0,Tara Blackwell,Other,HR,20-02-2020,Active,New York,Evening
27.0,20.0,4899.0,5.0,8.0,Austin Long,Female,IT,01-05-2024,Inactive,Chicago,Night
28.0,55.0,4608.0,0.0,18.0,Jordan Warren,Female,HR,07-07-2018,Inactive,Los Angeles,Morning
29.0,65.0,9190.0,0.0,12.0,Vickie Campbell,Female,IT,28-10-2019,Inactive,Chicago,Morning
30.0,22.0,9661.0,2.0,17.0,Rachel Ramsey,Male,Sales,18-08-2016,Inactive,Chicago,Night
31.0,21.0,4780.0,1.0,7.0,Brandi Smith,Other,IT,20-01-2020,Inactive,New York,Night
32.0,63.0,4270.0,0.0,20.0,Jacqueline Becker,Other,Sales,16-12-2021,Inactive,Los Angeles,Morning
33.0,65.0,6547.0,0.0,10.0,Trevor Duncan,Other,Sales,10-06-2024,Active,Chicago,Evening
34.0,42.0,5207.0,1.0,4.0,Mr. Brian Nelson,Female,IT,17-08-2017,Active,Los Angeles,Night
35.0,51.0,9259.0,4.0,17.0,Lisa Fry,Female,IT,26-09-2017,Inactive,Los Angeles,Night
36.0,35.0,9078.0,1.0,7.0,Kevin Watts,Male,IT,12-06-2019,Inactive,Los Angeles,Evening
37.0,39.0,2364.0,1.0,15.0,Jacqueline Moore,Male,Sales,25-02-2018,Active,Los Angeles,Evening
38.0,18.0,2904.0,1.0,17.0,Lawrence Rose,Female,HR,11-04-2021,Inactive,Chicago,Night
39.0,33.0,8678.0,5.0,9.0,Jordan Scott,Other,Sales,15-05-2016,Active,Los Angeles,Evening
40.0,36.0,8870.0,4.0,17.0,Lisa Wagner,Male,HR,12-08-2024,Active,Los Angeles,Evening
41.0,20.0,6621.0,0.0,20.0,Ricky Keith,Female,Sales,29-01-2024,Inactive,Los Angeles,Evening
42.0,58.0,9512.0,0.0,8.0,Charles Mccall,Other,IT,10-11-2024,Inactive,Los Angeles,Morning
43.0,27.0,6655.0,0.0,2.0,April Ponce,Female,Sales,22-10-2021,Inactive,Los Angeles,Evening
44.0,64.0,2427.0,0.0,6.0,Cindy Nichols,Female,IT,19-12-2014,Active,New York,Night
45.0,20.0,4184.0,0.0,13.0,Daniel Aguirre,Other,IT,03-10-2017,Active,New York,Morning
46.0,27.0,4356.0,0.0,11.0,Dr. Monica Hanna PhD,Other,HR,31-10-2020,Inactive,New York,Night
47.0,47.0,7966.0,0.0,8.0,Alicia Scott,Female,HR,03-09-2019,Inactive,New York,Morning
48.0,48.0,5848.0,3.0,2.0,Jake Johnson,Other,IT,03-02-2017,Active,Los Angeles,Night
49.0,46.0,2773.0,4.0,9.0,Jamie Wood,Male,Sales,25-02-2023,Active,New York,Morning
50.0,23.0,6253.0,4.0,14.0,Valerie Guerrero,Male,HR,21-09-2023,Active,Los Angeles,Night
51.0,27.0,3253.0,0.0,12.0,Jamie Gregory,Other,Sales,07-12-2015,Active,Chicago,Morning
52.0,62.0,6149.0,0.0,11.0,Jesse Vincent,Male,HR,17-09-2023,Inactive,Chicago,Evening
53.0,42.0,6567.0,2.0,19.0,Steve Salinas,Other,Sales,26-03-2022,Inactive,Los Angeles,Morning
54.0,62.0,5721.0,5.0,7.0,Taylor Griffin,Other,Sales,07-01-2019,Active,Chicago,Night
55.0,63.0,4533.0,4.0,16.0,Kim Smith,Other,HR,11-10-2023,Active,Los Angeles,Night
56.0,40.0,8745.0,0.0,12.0,Jonathon Adams,Female,IT,29-07-2020,Inactive,Chicago,Night
57.0,38.0,4954.0,0.0,12.0,Jeremy Conway,Other,IT,11-08-2024,Active,Los Angeles,Night
58.0,58.0,3635.0,0.0,7.0,Johnathan Obrien,Female,Sales,09-04-2021,Active,New York,Night
59.0,57.0,4651.0,0.0,19.0,Erik Moss,Male,Sales,07-02-2018,Active,Los Angeles,Night
60.0,19.0,5937.0,5.0,9.0,Melinda Tyler,Other,Sales,12-04-2021,Inactive,Los Angeles,Evening
61.0,51.0,8544.0,0.0,6.0,Andrew Shannon,Other,Sales,08-02-2020,Active,New York,Evening
62.0,33.0,2851.0,2.0,11.0,Carmen Taylor,Male,Sales,30-01-2023,Active,Chicago,Morning
63.0,57.0,3933.0,0.0,6.0,Joseph Anderson,Female,IT,02-06-2023,Active,Los Angeles,Night
64.0,39.0,2585.0,2.0,1.0,Katherine Clark,Female,IT,17-02-2023,Active,Los Angeles,Evening
65.0,20.0,3718.0,0.0,4.0,Mary Miller,Other,Sales,19-10-2019,Active,Los Angeles,Morning
66.0,44.0,2436.0,0.0,5.0,Sarah Harrell,Male,IT,01-01-2021,Inactive,Chicago,Night
67.0,25.0,7637.0,0.0,4.0,Kelli Lopez,Female,HR,21-09-2021,Active,Los Angeles,Night
68.0,27.0,6921.0,2.0,3.0,Denise Smith,Male,HR,31-10-2024,Active,Chicago,Evening
69.0,29.0,7554.0,0.0,17.0,Alyssa Taylor,Male,HR,19-10-2017,Active,Chicago,Night
70.0,64.0,2442.0,0.0,14.0,Erica James,Female,IT,28-09-2020,Inactive,Los Angeles,Morning
71.0,40.0,2466.0,0.0,15.0,Daniel Hamilton,Male,Sales,08-04-2018,Active,Chicago,Evening
72.0,45.0,3897.0,4.0,12.0,Tiffany Alexander,Female,Sales,18-05-2019,Active,Chicago,Evening
73.0,52.0,8386.0,0.0,14.0,Jennifer Carter,Male,HR,06-04-2016,Active,Chicago,Morning
74.0,60.0,3767.0,3.0,3.0,Amanda Rodgers,Male,IT,21-03-2018,Inactive,Los Angeles,Night
75.0,18.0,8622.0,1.0,13.0,Francisco Jones,Female,Sales,01-07-2023,Inactive,Chicago,Evening
76.0,31.0,8032.0,4.0,11.0,Cameron Butler,Female,IT,20-10-2023,Inactive,New York,Morning
77.0,47.0,2025.0,1.0,5.0,Victor Nelson,Female,Sales,14-05-2015,Active,New York,Night
78.0,19.0,4698.0,3.0,15.0,Kathy Thompson,Other,HR,23-02-2016,Inactive,Chicago,Night
79.0,56.0,5457.0,0.0,11.0,Michele Schmidt,Male,HR,22-05-2016,Inactive,Chicago,Evening
80.0,39.0,5562.0,0.0,7.0,Mary Singh,Other,IT,06-07-2019,Inactive,New York,Evening
81.0,28.0,2077.0,0.0,11.0,Julia Stanley,Female,HR,28-07-2021,Inactive,Los Angeles,Morning
82.0,62.0,4292.0,2.0,7.0,Kevin Price,Male,HR,12-11-2020,Active,Los Angeles,Night
83.0,49.0,3111.0,0.0,3.0,Jamie Wright,Other,Sales,02-11-2020,Active,Chicago,Evening
84.0,18.0,5470.0,3.0,8.0,Elaine Payne,Female,IT,23-06-2017,Active,Los Angeles,Evening
85.0,39.0,3115.0,4.0,4.0,Justin Rodriguez,Other,Sales,01-07-2020,Active,Chicago,Evening
86.0,29.0,9901.0,2.0,7.0,Chase Taylor,Other,IT,04-10-2017,Active,Los Angeles,Evening
87.0,34.0,8629.0,0.0,9.0,Dustin Allen,Male,IT,08-01-2015,Inactive,Chicago,Morning
88.0,28.0,6839.0,0.0,4.0,Lori Bowen,Female,Sales,07-01-2023,Active,Los Angeles,Evening
89.0,41.0,6828.0,1.0,10.0,Jessica Sanders,Male,HR,02-08-2024,Inactive,Chicago,Night
90.0,60.0,8710.0,2.0,10.0,Lauren Lee,Female,Sales,16-07-2020,Inactive,Los Angeles,Evening
91.0,31.0,3488.0,1.0,3.0,Kyle Schwartz,Male,HR,16-03-2023,Active,New York,Morning
92.0,58.0,5271.0,0.0,7.0,Bruce Campbell,Other,IT,20-12-2023,Active,Chicago,Night
93.0,38.0,4897.0,1.0,4.0,Peter Moore,Other,Sales,13-03-2021,Inactive,Chicago,Morning
94.0,21.0,2860.0,4.0,4.0,Elizabeth Gallagher,Female,IT,06-02-2023,Active,Los Angeles,Night
95.0,62.0,3482.0,3.0,20.0,Michael Garcia,Male,Sales,29-01-2018,Active,New York,Night
96.0,45.0,3427.0,0.0,8.0,Jeff Wilson,Other,HR,08-06-2024,Active,Chicago,Evening
97.0,22.0,5432.0,0.0,14.0,Holly Gaines,Male,Sales,14-01-2017,Inactive,Los Angeles,Morning
98.0,33.0,2378.0,0.0,20.0,Matthew Fields,Female,HR,07-08-2015,Inactive,Los Angeles,Night
99.0,20.0,6768.0,0.0,2.0,Kathleen Thomas,Other,IT,15-09-2018,Inactive,Los Angeles,Night
100.0,33.0,8076.0,0.0,9.0,Thomas Hamilton,Male,Sales,24-12-2017,Inactive,Chicago,Morning
101.0,26.0,9538.0,0.0,3.0,Bryan Navarro,Female,IT,23-01-2021,Active,New York,Morning
102.0,27.0,2912.0,2.0,3.0,Jennifer Hansen,Other,HR,22-02-2020,Inactive,New York,Night
103.0,34.0,6742.0,0.0,8.0,James Saunders,Other,IT,16-09-2019,Active,Los Angeles,Night
104.0,32.0,6458.0,5.0,7.0,Jose Henson,Male,HR,25-03-2023,Active,Chicago,Evening
105.0,31.0,2752.0,5.0,6.0,Isaiah Sanders DDS,Female,HR,28-04-2021,Active,Chicago,Night
106.0,25.0,7371.0,0.0,13.0,Katelyn Chavez,Other,HR,06-10-2015,Inactive,Chicago,Evening
107.0,21.0,5133.0,0.0,11.0,Nancy Robinson,Other,Sales,19-12-2017,Active,Los Angeles,Evening
108.0,24.0,2578.0,5.0,16.0,Sandra Allen,Male,IT,05-01-2019,Active,Chicago,Morning
109.0,51.0,7457.0,0.0,15.0,Mrs. Robin Mccarthy PhD,Male,HR,24-04-2019,Active,Los Angeles,Night
110.0,58.0,7263.0,0.0,20.0,Catherine Ray,Female,Sales,10-12-2017,Active,New York,Morning
111.0,65.0,2166.0,2.0,17.0,James Johnson,Female,HR,20-08-2016,Inactive,New York,Morning
112.0,31.0,2303.0,3.0,18.0,Sarah Barrera,Female,Sales,30-10-2021,Inactive,Los Angeles,Night
113.0,34.0,9812.0,3.0,13.0,Luke Mcpherson,Other,IT,29-01-2016,Active,New York,Evening
114.0,65.0,4940.0,2.0,11.0,Michael Moore,Other,Sales,26-03-2021,Active,Los Angeles,Evening
115.0,40.0,3935.0,5.0,19.0,Donna Manning,Other,IT,10-05-2021,Inactive,Chicago,Morning
116.0,19.0,3233.0,5.0,6.0,John Lloyd,Male,HR,10-05-2017,Inactive,Chicago,Evening
117.0,45.0,4012.0,0.0,10.0,Sean Owens,Male,HR,09-07-2016,Inactive,Los Angeles,Night
118.0,32.0,8619.0,0.0,8.0,Gregory Robinson,Other,IT,16-01-2021,Inactive,New York,Morning
119.0,48.0,2898.0,0.0,12.0,Tara Hudson,Female,IT,02-01-2022,Inactive,Los Angeles,Morning
120.0,22.0,7187.0,0.0,1.0,Heidi Franklin,Male,HR,26-01-2024,Active,New York,Morning
121.0,39.0,9941.0,3.0,15.0,David Hampton,Female,HR,06-07-2024,Inactive,New York,Morning
122.0,25.0,5121.0,0.0,1.0,Jacob Gonzalez,Male,IT,12-06-2020,Active,Chicago,Night
123.0,46.0,7991.0,0.0,13.0,Kenneth Jensen,Other,IT,21-04-2017,Inactive,Los Angeles,Morning
124.0,24.0,5287.0,2.0,1.0,Amber Pittman,Female,Sales,08-03-2018,Active,New York,Evening
125.0,23.0,3754.0,0.0,8.0,William Hall,Male,Sales,16-10-2022,Active,Chicago,Evening
126.0,38.0,2358.0,3.0,14.0,Michael Wilson,Other,IT,25-12-2016,Active,New York,Morning
127.0,65.0,8122.0,0.0,15.0,Vanessa Gray,Other,Sales,27-11-2015,Active,Los Angeles,Night
128.0,65.0,9973.0,0.0,19.0,Ashley Williams,Female,HR,03-05-2020,Inactive,New York,Morning
129.0,28.0,2488.0,0.0,6.0,Shawn Marshall,Other,IT,21-01-2019,Active,Los Angeles,Morning
130.0,64.0,7378.0,0.0,18.0,Derrick Woods,Female,IT,22-09-2019,Inactive,New York,Evening
131.0,64.0,7647.0,0.0,8.0,Lisa Levy,Other,IT,07-07-2021,Active,Los Angeles,Evening
132.0,38.0,2052.0,0.0,9.0,Amy Patel,Other,HR,07-08-2020,Inactive,Chicago,Evening
133.0,64.0,5723.0,4.0,19.0,Gregory Villegas,Female,Sales,26-06-2021,Inactive,New York,Evening
134.0,30.0,3856.0,0.0,13.0,Arthur Tyler,Other,Sales,19-01-2022,Inactive,Chicago,Evening
135.0,33.0,3843.0,5.0,18.0,Jonathan Schneider,Male,Sales,03-08-2023,Inactive,Chicago,Morning
136.0,49.0,3128.0,2.0,6.0,Donna Fox,Male,Sales,29-09-2023,Inactive,Los Angeles,Morning
137.0,56.0,8154.0,0.0,9.0,Rebecca Pitts,Female,Sales,29-06-2017,Inactive,Chicago,Morning
138.0,34.0,4286.0,0.0,7.0,Annette Peterson,Female,Sales,17-05-2020,Active,Chicago,Morning
139.0,46.0,3829.0,0.0,11.0,Mr. James Moore,Other,Sales,21-08-2021,Inactive,Chicago,Morning
140.0,27.0,8855.0,0.0,18.0,William Hernandez,Other,IT,18-11-2020,Inactive,Chicago,Morning
141.0,18.0,8733.0,0.0,19.0,Kevin Ruiz,Male,IT,15-08-2020,Inactive,Chicago,Night
142.0,38.0,5883.0,4.0,14.0,Matthew Gutierrez,Other,Sales,22-10-2024,Inactive,Chicago,Evening
143.0,42.0,3591.0,5.0,20.0,Kelly Phillips,Female,Sales,17-07-2020,Inactive,Los Angeles,Morning
144.0,46.0,6368.0,0.0,2.0,Dana Potter,Male,IT,07-04-2024,Inactive,New York,Evening
145.0,25.0,3003.0,1.0,19.0,Kimberly Murphy,Other,HR,14-05-2019,Active,New York,Morning
146.0,20.0,4757.0,0.0,8.0,Jessica Hernandez,Male,IT,07-07-2017,Inactive,Chicago,Morning
147.0,22.0,8152.0,0.0,4.0,Rachel Allen,Other,IT,30-01-2018,Active,New York,Evening
148.0,37.0,6429.0,2.0,10.0,Mr. Brandon Gonzales,Female,Sales,23-09-2023,Inactive,Chicago,Morning
149.0,57.0,3757.0,0.0,19.0,Matthew Perkins,Other,IT,12-07-2023,Inactive,New York,Evening
150.0,28.0,8198.0,1.0,15.0,Robert Adkins,Female,Sales,23-10-2020,Inactive,New York,Evening
151.0,54.0,2364.0,0.0,5.0,Anthony Moran,Female,Sales,28-09-2017,Inactive,Chicago,Morning
152.0,58.0,2621.0,0.0,16.0,Julie Wilson,Male,Sales,26-08-2018,Active,New York,Evening
153.0,31.0,4451.0,0.0,1.0,Mark Morris,Male,IT,31-12-2017,Inactive,Chicago,Night
154.0,29.0,4056.0,0.0,17.0,Charles Marsh,Male,HR,01-11-2023,Inactive,New York,Morning
155.0,63.0,5746.0,5.0,5.0,Larry Johnson,Other,IT,20-11-2018,Inactive,New York,Night
156.0,56.0,5982.0,5.0,11.0,Raymond Johnson,Female,IT,03-12-2016,Inactive,New York,Morning
157.0,43.0,4710.0,1.0,16.0,Pamela Pierce,Female,HR,26-06-2021,Active,New York,Night
158.0,19.0,4527.0,3.0,14.0,Debra Smith,Other,HR,28-04-2015,Active,Chicago,Night
159.0,34.0,9719.0,2.0,2.0,Erin Harrison,Male,HR,31-07-2019,Inactive,Chicago,Evening
160.0,26.0,6157.0,0.0,15.0,Thomas Gordon,Male,HR,30-04-2018,Active,New York,Night
161.0,31.0,8428.0,4.0,11.0,Cindy Torres,Male,IT,17-09-2024,Inactive,New York,Evening
162.0,36.0,3284.0,0.0,15.0,Mario Newman,Other,IT,20-04-2015,Inactive,Los Angeles,Night
163.0,32.0,8958.0,0.0,17.0,Emily Hughes,Male,IT,15-03-2017,Active,Los Angeles,Morning
164.0,25.0,9021.0,0.0,11.0,Emily Fisher,Male,HR,15-09-2016,Inactive,Chicago,Night
165.0,57.0,3479.0,0.0,13.0,Sheryl Everett DDS,Male,Sales,15-11-2017,Inactive,New York,Morning
166.0,49.0,6194.0,1.0,19.0,Caleb Coffey,Other,HR,12-05-2024,Inactive,New York,Evening
167.0,28.0,3862.0,0.0,3.0,Brianna Murray,Other,IT,21-10-2018,Inactive,Chicago,Night
168.0,56.0,6006.0,0.0,4.0,Amy Bell,Male,IT,21-10-2023,Active,New York,Morning
169.0,22.0,2523.0,2.0,4.0,Tonya Estrada,Other,Sales,10-08-2022,Inactive,Chicago,Evening
170.0,24.0,6041.0,2.0,4.0,George Bowers,Other,Sales,07-12-2024,Active,New York,Night
171.0,48.0,2913.0,2.0,6.0,Tyler Figueroa,Female,Sales,04-12-2020,Active,New York,Evening
172.0,64.0,6767.0,0.0,11.0,Roger Pugh,Other,HR,14-04-2023,Inactive,Los Angeles,Evening
173.0,19.0,6735.0,0.0,12.0,Paul Ross,Other,Sales,26-01-2022,Active,Los Angeles,Morning
174.0,21.0,4043.0,3.0,20.0,Steven Green,Other,IT,10-10-2015,Inactive,Chicago,Morning
175.0,46.0,8354.0,0.0,10.0,Amanda Walters,Other,Sales,26-10-2015,Active,Los Angeles,Night
176.0,32.0,5224.0,0.0,15.0,Cody Sanchez,Female,Sales,27-01-2019,Active,Los Angeles,Evening
177.0,37.0,6706.0,3.0,9.0,Sherri Hess,Female,Sales,29-05-2021,Inactive,Los Angeles,Night
178.0,52.0,8899.0,0.0,17.0,David Buchanan,Male,Sales,12-01-2016,Active,Chicago,Evening
179.0,36.0,7885.0,2.0,2.0,Daniel Hoffman,Male,IT,04-06-2016,Inactive,New York,Evening
180.0,34.0,3671.0,0.0,16.0,Kathryn Choi,Other,IT,08-05-2021,Active,Los Angeles,Night
181.0,33.0,6833.0,0.0,16.0,Sharon Patterson,Male,HR,04-02-2015,Active,New York,Night
182.0,58.0,5025.0,0.0,13.0,Brooke Norris,Male,IT,24-10-2020,Inactive,Los Angeles,Night
183.0,45.0,3979.0,3.0,12.0,Linda Wilson,Male,IT,07-03-2024,Active,New York,Evening
184.0,22.0,8840.0,0.0,17.0,Nathaniel Miller,Male,Sales,17-01-2023,Active,New York,Evening
185.0,19.0,8470.0,4.0,1.0,Michael Edwards,Other,Sales,20-12-2016,Inactive,Los Angeles,Evening
186.0,51.0,7894.0,0.0,11.0,Jane Gardner,Other,Sales,29-12-2014,Inactive,Los Angeles,Night
187.0,48.0,3064.0,4.0,11.0,Anthony Lucas,Female,HR,26-08-2023,Active,New York,Evening
188.0,39.0,2149.0,4.0,17.0,Robert Colon,Other,HR,10-05-2023,Active,New York,Night
189.0,50.0,3737.0,0.0,4.0,Patrick Williams,Other,IT,07-08-2021,Active,New York,Evening
190.0,21.0,7708.0,0.0,20.0,Tiffany Hopkins,Female,HR,10-11-2021,Active,Los Angeles,Night
191.0,25.0,9374.0,0.0,15.0,Miguel Finley,Female,IT,22-08-2019,Active,New York,Evening
192.0,29.0,3049.0,4.0,2.0,John Sullivan,Other,IT,29-08-2018,Inactive,New York,Night
193.0,29.0,2776.0,2.0,1.0,Albert Stevens,Other,HR,24-02-2021,Active,Chicago,Night
194.0,54.0,4678.0,4.0,6.0,Dean Barnes,Other,IT,18-01-2019,Active,Chicago,Morning
195.0,34.0,3397.0,4.0,2.0,Eric York,Male,HR,25-06-2022,Active,Los Angeles,Evening
196.0,20.0,3386.0,0.0,1.0,Breanna Ballard,Other,Sales,31-08-2020,Inactive,New York,Evening
197.0,22.0,6539.0,0.0,2.0,Joshua Booker,Male,HR,12-07-2022,Active,Los Angeles,Night
198.0,23.0,3175.0,0.0,9.0,Mary King,Female,HR,21-05-2021,Active,New York,Evening
199.0,51.0,7908.0,1.0,2.0,Jennifer Brown DVM,Male,HR,14-04-2023,Inactive,Chicago,Evening
200.0,23.0,8119.0,0.0,5.0,Gregory Cohen,Other,Sales,01-01-2018,Inactive,Chicago,Morning
201.0,48.0,9930.0,5.0,19.0,Mr. James Johnson,Female,HR,04-08-2019,Active,Chicago,Morning
202.0,23.0,3514.0,0.0,1.0,Elizabeth Jordan,Other,HR,01-10-2018,Inactive,Los Angeles,Morning
203.0,59.0,6267.0,5.0,6.0,Robert Carey,Female,IT,12-01-2021,Inactive,New York,Morning
204.0,28.0,8416.0,0.0,8.0,Randy Pace,Male,HR,21-02-2022,Active,Los Angeles,Morning
205.0,29.0,5703.0,2.0,10.0,Brian Herrera,Other,Sales,16-12-2018,Active,New York,Morning
206.0,55.0,2127.0,0.0,8.0,Julie Hayden,Female,IT,09-02-2019,Active,Los Angeles,Evening
207.0,43.0,8563.0,4.0,11.0,Mario Jackson,Male,IT,28-12-2017,Active,Los Angeles,Night
208.0,24.0,7539.0,0.0,5.0,Dawn Flowers,Female,IT,05-02-2021,Active,Los Angeles,Night
209.0,58.0,2223.0,0.0,8.0,Darrell Burns,Other,Sales,29-06-2024,Active,New York,Morning
210.0,44.0,3517.0,5.0,10.0,Mr. Jason Jones,Female,HR,11-01-2022,Inactive,Chicago,Morning
211.0,42.0,4603.0,2.0,12.0,Joseph Li,Male,HR,30-07-2016,Inactive,New York,Night
212.0,62.0,4751.0,1.0,3.0,Christopher Barrera,Other,HR,27-10-2022,Inactive,New York,Morning
213.0,54.0,6942.0,3.0,5.0,Tyler Carroll,Female,IT,02-02-2021,Inactive,New York,Morning
214.0,32.0,2489.0,5.0,3.0,Rachel Mcdonald,Female,Sales,11-12-2015,Inactive,Chicago,Morning
215.0,65.0,4538.0,3.0,8.0,Dawn Nelson,Female,IT,01-02-2016,Active,Chicago,Morning
216.0,50.0,9377.0,0.0,3.0,Sara Jones,Female,Sales,16-10-2019,Active,Los Angeles,Morning
217.0,35.0,8129.0,0.0,3.0,Alison Anderson,Female,Sales,29-06-2024,Inactive,New York,Evening
218.0,25.0,7335.0,1.0,3.0,Jeffery Hurley,Male,IT,05-11-2017,Active,Los Angeles,Night
219.0,38.0,3663.0,3.0,3.0,Melissa Flores,Other,Sales,14-06-2016,Inactive,New York,Evening
220.0,20.0,4328.0,2.0,12.0,Erika Schneider,Other,IT,01-05-2018,Active,Los Angeles,Morning
221.0,48.0,7067.0,0.0,8.0,Steven Salinas,Female,HR,23-11-2023,Inactive,Los Angeles,Morning
222.0,20.0,6389.0,0.0,6.0,Kenneth Taylor,Other,Sales,05-03-2017,Inactive,New York,Evening
223.0,62.0,7732.0,0.0,18.0,Jennifer Hartman,Female,IT,20-08-2020,Active,New York,Morning
224.0,59.0,3379.0,0.0,8.0,Cheryl Potter,Male,IT,30-07-2018,Inactive,Los Angeles,Morning
225.0,27.0,3660.0,0.0,9.0,Lori Rodriguez,Other,IT,15-12-2023,Active,Los Angeles,Night
226.0,51.0,9160.0,0.0,15.0,Brian White,Other,IT,27-04-2017,Inactive,Los Angeles,Night
227.0,49.0,8733.0,0.0,2.0,Ashley Robbins,Other,HR,06-02-2019,Inactive,Los Angeles,Morning
228.0,45.0,8587.0,2.0,18.0,Mary Mcguire,Other,IT,21-01-2019,Active,Chicago,Morning
229.0,51.0,9139.0,5.0,1.0,Christie Warren,Female,Sales,16-08-2020,Active,Chicago,Night
230.0,39.0,7250.0,4.0,1.0,Monica Henderson,Male,IT,11-07-2016,Active,Chicago,Morning
231.0,41.0,4782.0,4.0,7.0,Connie Lucas,Other,HR,09-12-2015,Inactive,Los Angeles,Morning
232.0,26.0,6975.0,0.0,14.0,William Harris,Female,Sales,26-03-2016,Active,New York,Evening
233.0,50.0,8718.0,1.0,18.0,Michelle Mendez,Male,IT,17-07-2024,Active,Chicago,Morning
234.0,40.0,7461.0,3.0,7.0,Richard Mendez,Male,Sales,13-04-2022,Inactive,Chicago,Night
235.0,33.0,7974.0,0.0,7.0,Stuart Rodriguez,Other,Sales,15-02-2017,Active,Los Angeles,Night
236.0,42.0,4401.0,1.0,9.0,Curtis Diaz,Other,IT,17-11-2022,Inactive,New York,Night
237.0,46.0,8607.0,5.0,3.0,Joan Trevino,Male,Sales,21-01-2019,Inactive,New York,Night
238.0,49.0,3659.0,0.0,10.0,Gregory Pollard,Other,HR,11-01-2023,Inactive,Chicago,Morning
239.0,65.0,6332.0,0.0,12.0,Lori Petty,Other,Sales,09-05-2015,Active,Chicago,Evening
240.0,37.0,9356.0,3.0,3.0,Christina Gutierrez,Male,Sales,02-01-2018,Active,Chicago,Morning
241.0,33.0,2996.0,0.0,11.0,Ashley Kim,Male,IT,10-11-2023,Inactive,Chicago,Evening
242.0,54.0,9516.0,1.0,8.0,Jennifer Wilson,Male,HR,19-10-2021,Inactive,Chicago,Night
243.0,35.0,2847.0,0.0,11.0,Scott Russell,Other,IT,19-02-2020,Active,Los Angeles,Morning
244.0,26.0,8181.0,0.0,14.0,Evan Blackburn,Other,HR,19-02-2016,Inactive,Los Angeles,Night
245.0,55.0,7725.0,4.0,10.0,Justin Hampton,Male,IT,22-11-2024,Inactive,New York,Morning
246.0,60.0,7911.0,0.0,7.0,Marie Reese,Male,Sales,24-03-2019,Active,Chicago,Evening
247.0,50.0,2550.0,0.0,15.0,Sheila Gordon,Other,Sales,17-12-2021,Inactive,New York,Evening
248.0,22.0,2649.0,0.0,8.0,Jessica Davis,Male,IT,21-09-2024,Inactive,Chicago,Night
249.0,65.0,8882.0,0.0,2.0,Tyler Carter,Female,IT,23-11-2018,Active,New York,Morning
250.0,25.0,2994.0,0.0,14.0,David Burke,Female,HR,21-09-2015,Active,Chicago,Morning
251.0,38.0,9924.0,4.0,20.0,Joshua Bullock,Male,Sales,10-01-2019,Inactive,Chicago,Night
252.0,50.0,3091.0,1.0,16.0,Gabriel Peters,Other,IT,15-05-2015,Active,Los Angeles,Morning
253.0,61.0,3063.0,1.0,4.0,Christine Duran,Male,IT,18-03-2018,Active,New York,Morning
254.0,44.0,5443.0,1.0,9.0,Nancy Mendez,Other,HR,20-04-2018,Inactive,Chicago,Evening
255.0,45.0,9207.0,4.0,4.0,Susan Fisher,Male,HR,05-01-2020,Active,Los Angeles,Morning
256.0,49.0,3081.0,0.0,5.0,Meghan Burgess,Male,HR,23-08-2017,Inactive,New York,Night
257.0,19.0,4084.0,3.0,7.0,Jeffery Jackson,Female,IT,23-08-2022,Active,Los Angeles,Night
258.0,18.0,4520.0,2.0,4.0,David Tran,Other,Sales,24-01-2021,Inactive,New York,Evening
259.0,40.0,4123.0,4.0,6.0,Karina Harris,Female,HR,09-10-2022,Inactive,New York,Morning
260.0,35.0,9624.0,1.0,19.0,Bradley Gibbs,Other,IT,04-03-2019,Inactive,Los Angeles,Night
261.0,52.0,4322.0,3.0,4.0,Stephen Mitchell,Female,IT,29-07-2022,Active,New York,Night
262.0,18.0,7774.0,0.0,12.0,Gabriel Warren,Other,IT,21-12-2015,Inactive,Los Angeles,Morning
263.0,58.0,3439.0,0.0,16.0,James Hines,Male,IT,13-12-2022,Active,Los Angeles,Evening
264.0,40.0,9455.0,1.0,14.0,Gabriela Wilson,Other,Sales,19-11-2023,Active,Los Angeles,Morning
265.0,31.0,7692.0,1.0,19.0,Kara Wilson,Male,IT,01-09-2018,Inactive,Los Angeles,Night
266.0,65.0,8334.0,2.0,15.0,John Butler,Other,Sales,28-05-2024,Active,New York,Evening
267.0,50.0,5970.0,2.0,4.0,Jared Villanueva,Male,IT,23-06-2016,Active,New York,Morning
268.0,19.0,3504.0,0.0,14.0,Mary Hammond,Other,HR,04-04-2020,Active,Chicago,Night
269.0,30.0,4107.0,3.0,14.0,Margaret Mayo,Female,HR,02-12-2018,Inactive,Chicago,Night
270.0,31.0,5819.0,0.0,8.0,Ray Smith,Other,Sales,20-08-2023,Inactive,Los Angeles,Morning
271.0,30.0,5472.0,0.0,6.0,Derek Morris,Female,IT,07-01-2024,Inactive,New York,Evening
272.0,65.0,2417.0,2.0,17.0,Carrie Martinez,Other,Sales,18-06-2021,Active,Chicago,Morning
273.0,25.0,8613.0,0.0,3.0,Thomas Spence,Female,IT,20-11-2016,Inactive,Chicago,Night
274.0,30.0,4347.0,4.0,6.0,Carrie Sloan,Other,HR,16-01-2018,Inactive,New York,Morning
275.0,48.0,7287.0,1.0,9.0,Mrs. Kimberly Woodard MD,Female,Sales,06-03-2019,Active,Los Angeles,Night
276.0,22.0,9749.0,0.0,5.0,Harry Alexander,Male,Sales,15-05-2019,Active,Los Angeles,Morning
277.0,45.0,4514.0,4.0,2.0,David Cox,Female,IT,11-06-2022,Active,Los Angeles,Morning
278.0,22.0,4226.0,0.0,8.0,Sheryl Gray,Other,Sales,01-10-2024,Active,Chicago,Morning
279.0,49.0,7561.0,0.0,14.0,Michael Bishop,Male,IT,31-12-2016,Active,Chicago,Evening
280.0,39.0,5956.0,5.0,16.0,Dalton Moore,Female,IT,16-04-2015,Inactive,Los Angeles,Morning
281.0,49.0,2175.0,0.0,16.0,Caroline Bell,Other,IT,09-05-2022,Active,Chicago,Morning
282.0,42.0,5756.0,0.0,13.0,Vanessa Shelton,Other,Sales,12-09-2019,Active,Chicago,Morning
283.0,45.0,4104.0,3.0,5.0,Scott White,Other,Sales,18-09-2017,Active,Chicago,Evening
284.0,18.0,2364.0,2.0,12.0,Richard Smith,Male,Sales,27-11-2016,Active,Los Angeles,Morning
285.0,63.0,8704.0,0.0,10.0,Daniel Rodriguez,Male,HR,28-09-2021,Inactive,Los Angeles,Morning
286.0,29.0,2993.0,0.0,8.0,Mr. Kevin Bradley,Female,Sales,14-02-2015,Inactive,Los Angeles,Morning
287.0,20.0,4409.0,0.0,20.0,Judith Evans,Other,IT,30-10-2015,Inactive,New York,Night
288.0,60.0,3162.0,0.0,20.0,Michele Roman,Other,HR,14-06-2017,Active,New York,Night
289.0,54.0,5523.0,0.0,9.0,Barry Mckenzie,Other,Sales,21-02-2020,Inactive,Chicago,Night
290.0,30.0,9921.0,3.0,2.0,Sara Stokes,Female,IT,01-10-2018,Inactive,New York,Morning
291.0,25.0,7864.0,3.0,19.0,Rebecca Bailey,Male,IT,12-12-2015,Inactive,Los Angeles,Morning
292.0,47.0,8158.0,2.0,6.0,Rachel Sosa,Other,IT,07-02-2022,Inactive,Chicago,Night
293.0,29.0,5883.0,4.0,18.0,Amy Hubbard,Male,HR,26-06-2016,Inactive,New York,Evening
294.0,41.0,3174.0,2.0,16.0,Gary Grant,Other,IT,05-09-2017,Inactive,New York,Night
295.0,24.0,7332.0,2.0,10.0,Kimberly Smith,Other,Sales,28-11-2020,Active,New York,Night
296.0,21.0,4009.0,2.0,13.0,Jennifer Nichols,Other,HR,22-02-2015,Inactive,Los Angeles,Night
297.0,20.0,8316.0,0.0,5.0,Rachel Robinson,Male,IT,09-02-2021,Inactive,New York,Night
298.0,55.0,2414.0,3.0,4.0,Brandon Atkinson,Female,Sales,02-11-2020,Active,Chicago,Night
299.0,45.0,2330.0,0.0,17.0,Dawn Mclaughlin,Male,Sales,17-07-2015,Inactive,New York,Evening
300.0,38.0,9375.0,0.0,2.0,Terry Smith,Female,Sales,23-12-2022,Inactive,New York,Morning
301.0,31.0,7039.0,0.0,18.0,Alejandro Bennett,Female,HR,26-01-2021,Active,Chicago,Evening
302.0,26.0,8385.0,0.0,15.0,Patricia Williams,Female,Sales,17-10-2023,Active,New York,Evening
303.0,31.0,3002.0,1.0,9.0,Jose Sharp,Other,IT,02-09-2018,Active,Los Angeles,Morning
304.0,27.0,6648.0,0.0,18.0,Sarah Stark,Female,HR,04-02-2019,Inactive,Los Angeles,Evening
305.0,55.0,7545.0,0.0,11.0,Mark Thomas,Male,Sales,30-10-2017,Inactive,New York,Night
306.0,36.0,7992.0,2.0,7.0,Alexander Johnson,Other,Sales,20-04-2024,Active,New York,Morning
307.0,57.0,9161.0,0.0,5.0,Henry Harmon,Male,HR,02-08-2022,Inactive,Los Angeles,Morning
308.0,63.0,4979.0,1.0,6.0,Nancy Jackson,Male,Sales,22-09-2015,Inactive,Los Angeles,Morning
309.0,49.0,7149.0,0.0,3.0,Taylor Walters,Other,HR,30-12-2023,Inactive,Chicago,Night
310.0,33.0,3636.0,4.0,7.0,Abigail Rodriguez,Female,Sales,22-04-2017,Active,Chicago,Morning
311.0,51.0,4572.0,4.0,20.0,Dr. Susan Cook,Female,Sales,28-07-2020,Inactive,Los Angeles,Night
312.0,58.0,3700.0,0.0,16.0,John Jensen,Other,IT,17-04-2023,Active,New York,Night
313.0,26.0,3495.0,1.0,18.0,Sean Barrett,Female,Sales,03-01-2015,Active,Los Angeles,Night
314.0,33.0,4391.0,5.0,6.0,Kenneth Brown,Male,Sales,03-05-2020,Inactive,Los Angeles,Night
315.0,45.0,3700.0,3.0,2.0,Samantha Clark DDS,Other,IT,28-02-2016,Inactive,New York,Evening
316.0,46.0,8499.0,0.0,4.0,Cynthia Cox,Other,IT,08-12-2022,Inactive,Los Angeles,Night
317.0,43.0,7956.0,0.0,1.0,Jamie Gonzalez,Other,IT,14-06-2023,Active,Chicago,Evening
318.0,63.0,6741.0,4.0,7.0,Joseph Thomas,Other,Sales,16-03-2021,Active,Los Angeles,Night
319.0,61.0,7087.0,2.0,11.0,Brent Montes,Female,Sales,27-09-2024,Active,Los Angeles,Night
320.0,58.0,6233.0,1.0,1.0,Elizabeth Dudley,Other,IT,30-04-2024,Inactive,Los Angeles,Morning
321.0,22.0,7299.0,2.0,6.0,Alexa Romero,Other,HR,26-10-2019,Inactive,Chicago,Night
322.0,39.0,7014.0,0.0,7.0,Jerry Smith,Male,Sales,03-04-2018,Inactive,New York,Morning
323.0,53.0,7727.0,0.0,16.0,James Smith,Male,Sales,13-03-2021,Inactive,Los Angeles,Morning
324.0,46.0,8306.0,5.0,15.0,Anthony Lam,Male,HR,14-11-2024,Active,New York,Evening
325.0,61.0,3002.0,0.0,5.0,Tom Diaz,Male,HR,05-12-2023,Inactive,Chicago,Morning
326.0,26.0,2156.0,0.0,16.0,Vanessa Gill,Female,IT,16-12-2021,Inactive,Los Angeles,Morning
327.0,27.0,5280.0,0.0,19.0,Robert Hensley,Female,IT,24-06-2016,Inactive,New York,Evening
328.0,22.0,7928.0,3.0,1.0,Matthew Guerrero,Female,HR,11-05-2021,Active,Los Angeles,Night
329.0,41.0,6164.0,1.0,11.0,Jennifer Vargas,Other,IT,13-12-2017,Inactive,Chicago,Morning
330.0,32.0,5502.0,4.0,9.0,Taylor Lopez,Male,IT,13-04-2021,Active,New York,Morning
331.0,39.0,6830.0,4.0,20.0,Juan Dean,Male,HR,28-06-2015,Inactive,New York,Evening
332.0,52.0,5380.0,0.0,8.0,Karen Hayden,Male,Sales,23-04-2020,Active,Chicago,Evening
333.0,38.0,6259.0,4.0,5.0,Heather Anderson,Female,Sales,13-06-2016,Active,New York,Night
334.0,25.0,8301.0,0.0,14.0,Austin Reyes,Female,IT,16-04-2020,Active,Los Angeles,Morning
335.0,56.0,6496.0,2.0,11.0,Melissa Fisher,Male,HR,20-10-2018,Active,Los Angeles,Night
336.0,35.0,3656.0,2.0,16.0,Danny Allen,Male,HR,10-10-2016,Inactive,New York,Night
337.0,58.0,4908.0,0.0,18.0,Jose Costa,Other,IT,25-09-2015,Inactive,New York,Night
338.0,60.0,9385.0,2.0,15.0,Michelle Brennan,Other,HR,29-09-2024,Inactive,Chicago,Night
339.0,32.0,4750.0,0.0,8.0,Amanda Conner,Female,IT,25-04-2017,Active,Los Angeles,Night
340.0,47.0,4528.0,5.0,7.0,Christopher Jones,Other,IT,05-06-2024,Active,Chicago,Morning
341.0,25.0,8628.0,0.0,12.0,Tyrone Juarez,Other,IT,15-03-2018,Active,New York,Night
342.0,38.0,8438.0,3.0,7.0,Chad Nelson,Male,HR,16-09-2023,Inactive,Chicago,Morning
343.0,45.0,3491.0,0.0,15.0,Zachary Gutierrez,Other,HR,03-06-2019,Inactive,New York,Night
344.0,52.0,8000.0,0.0,7.0,Mark Mcbride,Male,IT,05-03-2023,Inactive,New York,Evening
345.0,25.0,3256.0,0.0,19.0,Debra Mcdonald,Other,IT,25-11-2023,Inactive,Chicago,Morning
346.0,56.0,2254.0,5.0,8.0,Luis Sanchez,Female,HR,31-10-2017,Inactive,Chicago,Morning
347.0,62.0,7803.0,0.0,8.0,David Durham,Female,HR,20-12-2019,Active,Los Angeles,Night
348.0,59.0,2593.0,2.0,14.0,Claire Randall,Other,IT,29-07-2016,Inactive,Los Angeles,Evening
349.0,42.0,2614.0,0.0,18.0,Rebecca Stewart,Female,IT,13-10-2015,Inactive,Chicago,Evening
350.0,44.0,7895.0,5.0,13.0,Ryan Cox,Male,IT,17-06-2019,Active,Chicago,Evening
351.0,46.0,8006.0,1.0,6.0,Andrew Fletcher,Other,HR,23-07-2023,Inactive,Los Angeles,Morning
352.0,19.0,7335.0,5.0,3.0,Nicole Sanchez,Female,IT,09-01-2019,Inactive,Los Angeles,Morning
353.0,39.0,3353.0,0.0,15.0,Paul Walters,Female,Sales,12-11-2017,Active,Los Angeles,Night
354.0,30.0,7252.0,4.0,14.0,Melissa Johnson,Male,Sales,27-11-2021,Active,New York,Morning
355.0,45.0,4213.0,3.0,12.0,Karen Ramos,Female,HR,12-11-2016,Inactive,Los Angeles,Night
356.0,41.0,2392.0,1.0,20.0,Laura Castillo,Male,IT,15-03-2024,Inactive,Chicago,Morning
357.0,55.0,8344.0,2.0,19.0,James Anderson,Other,Sales,10-10-2015,Active,Los Angeles,Evening
358.0,61.0,2928.0,0.0,15.0,Andre Hall,Male,Sales,04-08-2018,Active,Los Angeles,Evening
359.0,31.0,3830.0,0.0,5.0,Scott Hernandez,Female,IT,26-12-2019,Inactive,Los Angeles,Morning
360.0,63.0,6886.0,2.0,18.0,Wendy Lee,Female,HR,30-12-2018,Inactive,Los Angeles,Morning
361.0,20.0,4275.0,0.0,8.0,Tony Ellison,Other,IT,26-08-2022,Active,New York,Evening
362.0,51.0,4503.0,0.0,5.0,Samuel Irwin,Male,Sales,15-03-2020,Active,Chicago,Night
363.0,29.0,7903.0,0.0,1.0,Mr. Timothy Mitchell DDS,Female,IT,22-01-2018,Active,New York,Night
364.0,49.0,6590.0,0.0,15.0,Linda Wall,Other,HR,09-03-2023,Active,Los Angeles,Night
365.0,41.0,5988.0,5.0,2.0,Mrs. Jacqueline Woodard MD,Female,Sales,03-02-2016,Inactive,Chicago,Morning
366.0,52.0,3504.0,4.0,9.0,Johnny Cook,Other,Sales,12-02-2022,Inactive,Los Angeles,Morning
367.0,50.0,7153.0,0.0,1.0,Miss Barbara Short,Female,Sales,07-08-2024,Inactive,New York,Night
368.0,20.0,7485.0,1.0,2.0,Adam Lane,Other,HR,16-09-2015,Active,Chicago,Morning
369.0,23.0,7559.0,0.0,20.0,Natasha Spencer,Male,HR,09-04-2022,Active,New York,Night
370.0,49.0,5850.0,0.0,17.0,Dawn Sanchez,Other,HR,11-10-2020,Inactive,New York,Morning
371.0,28.0,4984.0,0.0,12.0,Robert Sims,Male,HR,21-12-2023,Inactive,Chicago,Evening
372.0,21.0,9474.0,4.0,4.0,Allison Carroll,Female,IT,24-05-2016,Inactive,Chicago,Evening
373.0,61.0,6231.0,0.0,15.0,Dominic Gray,Other,HR,01-04-2015,Active,Chicago,Morning
374.0,22.0,8147.0,0.0,17.0,Eric Hill,Male,HR,16-06-2019,Active,Los Angeles,Evening
375.0,42.0,9067.0,5.0,5.0,Anthony Baldwin,Male,IT,15-03-2017,Active,New York,Morning
376.0,58.0,2489.0,2.0,1.0,Jeffrey Nguyen,Other,HR,20-03-2018,Inactive,Chicago,Evening
377.0,64.0,5606.0,5.0,19.0,Jonathon Mclaughlin,Female,Sales,05-08-2015,Active,New York,Evening
378.0,63.0,6013.0,0.0,10.0,John Anderson,Male,Sales,28-09-2023,Active,Chicago,Night
379.0,26.0,3556.0,0.0,1.0,Amy Harvey,Female,Sales,06-11-2021,Active,Chicago,Night
380.0,29.0,9726.0,1.0,2.0,Dustin Le,Male,Sales,13-04-2015,Inactive,Chicago,Evening
381.0,28.0,6610.0,0.0,12.0,Kenneth Davis,Male,HR,08-06-2020,Inactive,New York,Morning
382.0,43.0,9269.0,2.0,13.0,David Marshall,Other,Sales,05-10-2018,Inactive,Los Angeles,Evening
383.0,30.0,7241.0,4.0,1.0,Kelly Norton,Female,IT,18-12-2014,Inactive,New York,Morning
384.0,28.0,7632.0,5.0,12.0,Wendy Taylor,Female,IT,16-05-2020,Inactive,Los Angeles,Evening
385.0,33.0,7941.0,0.0,14.0,Monica Baldwin,Female,Sales,24-08-2017,Active,Los Angeles,Night
386.0,61.0,8450.0,0.0,2.0,Joseph Martin,Other,HR,17-11-2023,Inactive,New York,Evening
387.0,32.0,7537.0,0.0,10.0,Omar Martinez,Male,IT,30-05-2018,Active,New York,Night
388.0,27.0,2593.0,1.0,20.0,Corey Smith,Other,Sales,27-07-2017,Active,New York,Evening
389.0,43.0,2355.0,0.0,5.0,Maria Bowman,Other,IT,29-03-2015,Active,Chicago,Morning
390.0,40.0,2567.0,0.0,15.0,Sandra Gill,Female,HR,24-08-2016,Active,Chicago,Evening
391.0,32.0,8745.0,5.0,13.0,Chloe Newman,Other,Sales,01-08-2019,Inactive,Los Angeles,Evening
392.0,32.0,6309.0,5.0,5.0,Heather Jones,Female,HR,25-03-2023,Active,Los Angeles,Evening
393.0,20.0,7431.0,5.0,8.0,Natalie Chavez DDS,Other,IT,07-09-2022,Inactive,New York,Night
394.0,34.0,8079.0,2.0,18.0,Marilyn Baker,Female,IT,05-06-2024,Active,Chicago,Morning
395.0,22.0,8844.0,1.0,14.0,Robert Oliver,Male,HR,29-05-2019,Active,New York,Morning
396.0,64.0,5850.0,2.0,4.0,Mary Mcmillan,Male,IT,05-06-2015,Active,New York,Morning
397.0,37.0,8104.0,0.0,20.0,Carolyn Arnold,Male,HR,24-11-2020,Active,Los Angeles,Morning
398.0,57.0,6316.0,1.0,13.0,Sarah Ruiz,Male,Sales,07-01-2022,Active,New York,Morning
399.0,22.0,9294.0,0.0,11.0,Christina Lewis,Female,HR,04-05-2020,Inactive,Chicago,Evening
400.0,63.0,2418.0,0.0,7.0,Bradley Hernandez,Male,Sales,21-08-2018,Active,Los Angeles,Night
401.0,35.0,6638.0,0.0,13.0,Allen Miller,Female,Sales,31-12-2016,Active,Chicago,Morning
402.0,52.0,4967.0,1.0,3.0,Nathan Flores,Female,IT,25-10-2019,Inactive,Los Angeles,Night
403.0,59.0,4496.0,1.0,20.0,Briana Martin,Male,Sales,22-05-2023,Inactive,New York,Night
404.0,40.0,9276.0,0.0,12.0,David Clark,Female,IT,27-09-2016,Active,Chicago,Morning
405.0,20.0,6520.0,0.0,2.0,Leroy Jones,Other,IT,25-05-2021,Active,Chicago,Morning
406.0,57.0,9505.0,3.0,6.0,Heather Scott,Male,Sales,18-08-2024,Inactive,New York,Night
407.0,31.0,9268.0,0.0,5.0,Vanessa Mendoza,Other,IT,27-07-2017,Active,Chicago,Evening
408.0,22.0,7728.0,2.0,17.0,George Weaver,Female,HR,24-09-2017,Active,Los Angeles,Night
409.0,56.0,5092.0,5.0,19.0,Doris Cooper,Female,IT,09-08-2015,Inactive,Chicago,Evening
410.0,51.0,6689.0,3.0,18.0,Bruce Anderson,Male,HR,21-05-2023,Inactive,Los Angeles,Evening
411.0,64.0,4303.0,0.0,8.0,Kimberly Reed,Male,Sales,14-08-2015,Inactive,Los Angeles,Morning
412.0,52.0,3739.0,5.0,5.0,Tammy Allison,Female,Sales,29-06-2016,Active,Los Angeles,Evening
413.0,27.0,4777.0,5.0,12.0,Dale Mejia,Male,Sales,25-10-2023,Active,Chicago,Morning
414.0,41.0,7380.0,0.0,13.0,Jacob Kelley,Other,HR,25-10-2023,Active,Los Angeles,Morning
415.0,37.0,3524.0,0.0,12.0,Matthew Hampton,Male,Sales,22-07-2016,Inactive,Los Angeles,Night
416.0,43.0,4117.0,0.0,5.0,Brandon Smith,Female,IT,20-10-2015,Active,Los Angeles,Night
417.0,51.0,2370.0,0.0,5.0,Cynthia Hall,Other,Sales,26-02-2018,Inactive,Chicago,Evening
418.0,39.0,3677.0,0.0,3.0,Angel Fuller,Male,HR,04-08-2015,Active,New York,Evening
419.0,27.0,5837.0,0.0,14.0,Sonia Davis,Male,HR,16-11-2024,Active,New York,Morning
420.0,64.0,8406.0,0.0,7.0,Terry Gomez,Male,Sales,20-10-2024,Active,Chicago,Evening
421.0,49.0,5735.0,0.0,4.0,Travis Brown,Female,HR,13-04-2019,Inactive,Chicago,Morning
422.0,19.0,8798.0,5.0,15.0,Dylan Dixon,Female,IT,07-06-2015,Active,Los Angeles,Evening
423.0,30.0,5836.0,0.0,11.0,James Newton,Male,IT,05-03-2023,Active,New York,Evening
424.0,46.0,7729.0,3.0,7.0,Antonio Shields,Male,HR,11-04-2022,Inactive,Los Angeles,Night
425.0,49.0,4385.0,0.0,1.0,Tricia Coleman,Male,Sales,14-08-2019,Inactive,Los Angeles,Morning
426.0,45.0,5367.0,0.0,13.0,Ryan Munoz,Male,Sales,02-04-2023,Inactive,Los Angeles,Morning
427.0,52.0,2041.0,1.0,8.0,Patricia Scott,Male,HR,22-11-2022,Inactive,Chicago,Evening
428.0,41.0,3720.0,2.0,15.0,Ashley Gonzales,Other,Sales,16-08-2015,Inactive,Los Angeles,Morning
429.0,29.0,7080.0,4.0,4.0,Vicki Carter,Other,Sales,12-09-2015,Inactive,New York,Morning
430.0,62.0,4753.0,0.0,20.0,Matthew Turner,Female,IT,13-06-2020,Active,Los Angeles,Morning
431.0,46.0,6746.0,5.0,16.0,James Melton,Other,Sales,31-07-2019,Inactive,Los Angeles,Night
432.0,38.0,7860.0,3.0,8.0,Kayla Gregory,Male,Sales,25-01-2023,Inactive,Los Angeles,Night
433.0,41.0,9516.0,3.0,13.0,Bryan Medina,Other,HR,07-04-2021,Inactive,New York,Evening
434.0,26.0,6763.0,1.0,16.0,Cameron Harris,Female,HR,19-04-2017,Active,Los Angeles,Morning
435.0,27.0,7375.0,2.0,16.0,Richard Rich,Female,IT,31-01-2023,Inactive,Los Angeles,Evening
436.0,37.0,5439.0,2.0,14.0,Jason Robertson,Male,HR,23-06-2016,Active,Chicago,Morning
437.0,51.0,6877.0,0.0,4.0,Philip Huff,Male,HR,19-07-2018,Inactive,Chicago,Morning
438.0,41.0,8618.0,0.0,6.0,Kristie Nelson,Other,IT,04-12-2023,Inactive,Los Angeles,Night
439.0,56.0,8236.0,0.0,2.0,Mrs. Lisa Suarez,Male,IT,06-11-2023,Inactive,Los Angeles,Morning
440.0,60.0,7865.0,2.0,8.0,Nicholas Wilson,Other,IT,08-09-2015,Active,New York,Morning
441.0,43.0,4246.0,0.0,11.0,Catherine Jordan,Female,Sales,12-06-2019,Active,Los Angeles,Evening
442.0,53.0,5333.0,0.0,19.0,Michele Ruiz,Other,IT,05-01-2023,Active,New York,Evening
443.0,26.0,9146.0,3.0,3.0,Kimberly Sparks,Other,Sales,29-07-2024,Inactive,New York,Evening
444.0,65.0,6442.0,4.0,14.0,Joseph Oconnor,Female,IT,19-01-2019,Active,New York,Evening
445.0,48.0,4183.0,4.0,6.0,Joseph Armstrong,Female,HR,03-10-2020,Active,Chicago,Evening
446.0,26.0,4741.0,0.0,12.0,Stephen Little,Other,Sales,30-10-2021,Inactive,New York,Morning
447.0,45.0,8888.0,0.0,13.0,Melissa Clark,Female,HR,11-08-2023,Active,Chicago,Evening
448.0,57.0,8958.0,1.0,1.0,Michelle Robertson,Female,HR,07-06-2021,Active,Chicago,Morning
449.0,29.0,8526.0,0.0,2.0,Nathan Rodriguez,Other,HR,08-12-2021,Inactive,Los Angeles,Morning
450.0,40.0,4566.0,0.0,2.0,Marissa Hunt,Male,Sales,18-10-2021,Inactive,Chicago,Night
451.0,63.0,2663.0,0.0,16.0,Steve Adams,Other,Sales,31-07-2019,Active,Los Angeles,Evening
452.0,41.0,3824.0,0.0,9.0,Crystal Reyes,Female,Sales,20-10-2018,Active,New York,Morning
453.0,23.0,2978.0,2.0,5.0,Lindsey Hall,Other,IT,17-05-2022,Active,Chicago,Evening
454.0,54.0,4395.0,2.0,18.0,Jay Clark,Other,IT,21-09-2019,Inactive,Los Angeles,Evening
455.0,21.0,3294.0,0.0,13.0,Michael Reeves,Female,HR,20-05-2019,Inactive,Chicago,Evening
456.0,34.0,8946.0,0.0,14.0,Nicole Baxter,Other,IT,04-12-2023,Inactive,Chicago,Night
457.0,55.0,6737.0,1.0,8.0,Cheryl Davila,Male,Sales,15-01-2024,Inactive,Chicago,Morning
458.0,19.0,9946.0,0.0,17.0,Emma Pratt,Other,IT,08-04-2016,Inactive,Los Angeles,Evening
459.0,44.0,7571.0,3.0,7.0,Jennifer Nelson,Male,HR,22-07-2017,Inactive,Chicago,Night
460.0,25.0,8957.0,0.0,18.0,William Garrett,Male,Sales,15-10-2022,Inactive,New York,Evening
461.0,27.0,9861.0,3.0,10.0,Jose Allen,Female,HR,05-04-2015,Active,Chicago,Morning
462.0,24.0,5998.0,0.0,1.0,Anne Hernandez,Male,HR,22-02-2017,Inactive,New York,Night
463.0,57.0,2495.0,0.0,9.0,Christopher Stevens,Other,Sales,30-01-2024,Active,New York,Night
464.0,35.0,5070.0,0.0,7.0,Alex Gordon,Male,Sales,10-08-2022,Inactive,Chicago,Night
465.0,35.0,6622.0,0.0,19.0,Justin Thornton,Female,IT,09-01-2020,Active,Chicago,Night
466.0,21.0,6980.0,0.0,1.0,Jeremy Perez,Male,IT,14-03-2018,Active,Los Angeles,Morning
467.0,65.0,7570.0,5.0,5.0,Janet Carpenter,Other,Sales,04-08-2024,Inactive,Los Angeles,Morning
468.0,47.0,4781.0,2.0,18.0,Kimberly Brown,Other,HR,11-12-2021,Inactive,Chicago,Night
469.0,29.0,4297.0,4.0,10.0,Luis Shaw,Female,IT,02-12-2023,Active,Chicago,Evening
470.0,65.0,5765.0,3.0,9.0,Amanda Smith,Male,IT,16-12-2016,Inactive,Los Angeles,Morning
471.0,44.0,6741.0,0.0,10.0,Stephanie Jackson,Other,IT,19-06-2015,Active,Los Angeles,Evening
472.0,65.0,5473.0,0.0,13.0,Matthew Thomas,Other,IT,22-10-2020,Active,New York,Evening
473.0,18.0,4923.0,1.0,8.0,Faith Morris,Other,IT,09-05-2021,Inactive,Chicago,Morning
474.0,56.0,2016.0,0.0,18.0,David Potter,Male,IT,13-07-2020,Active,New York,Morning
475.0,65.0,3820.0,4.0,2.0,Kimberly Lang,Female,Sales,03-02-2024,Active,Chicago,Night
476.0,56.0,2646.0,0.0,12.0,Alicia Malone,Female,Sales,12-01-2018,Inactive,Los Angeles,Evening
477.0,20.0,3225.0,1.0,1.0,Gregory Sparks,Female,IT,20-08-2023,Inactive,Los Angeles,Morning
478.0,19.0,8893.0,0.0,7.0,Mary Arias,Male,Sales,14-11-2024,Active,Chicago,Evening
479.0,28.0,8039.0,0.0,8.0,Jeffrey Robles,Male,Sales,04-07-2024,Active,Chicago,Evening
480.0,28.0,5496.0,0.0,18.0,Jay Scott,Other,HR,21-01-2015,Active,Chicago,Night
481.0,41.0,4368.0,4.0,11.0,Brandon Flores,Female,Sales,10-11-2023,Inactive,Los Angeles,Morning
482.0,28.0,6725.0,5.0,16.0,Donna King,Male,IT,02-08-2016,Active,Chicago,Night
483.0,29.0,5215.0,0.0,6.0,Curtis Barrett,Female,Sales,08-09-2021,Inactive,Chicago,Evening
484.0,43.0,3929.0,1.0,17.0,Jason Hayden,Female,IT,26-02-2017,Active,Chicago,Evening
485.0,27.0,6050.0,5.0,15.0,Patricia Washington,Male,IT,05-11-2017,Active,Chicago,Night
486.0,64.0,8514.0,2.0,8.0,Chelsea Owens,Male,IT,21-05-2021,Active,New York,Morning
487.0,44.0,6034.0,0.0,9.0,Kayla Garcia,Female,Sales,27-05-2020,Inactive,New York,Night
488.0,36.0,5608.0,1.0,9.0,Lisa Torres,Male,HR,21-06-2020,Inactive,New York,Evening
489.0,26.0,5993.0,2.0,17.0,Madison Smith,Male,IT,30-08-2024,Inactive,New York,Morning
490.0,55.0,5001.0,4.0,7.0,Molly Choi,Other,Sales,07-11-2016,Active,Chicago,Evening
491.0,22.0,5217.0,0.0,12.0,Kristy Phillips,Other,Sales,17-05-2019,Active,Chicago,Evening
492.0,53.0,9181.0,5.0,1.0,Dr. Jacob Castaneda DVM,Other,Sales,17-02-2024,Inactive,Los Angeles,Morning
493.0,42.0,2106.0,2.0,9.0,Dr. Thomas Brown,Other,HR,10-02-2017,Active,Chicago,Night
494.0,23.0,6730.0,0.0,18.0,Michael Torres,Female,HR,12-05-2024,Inactive,New York,Night
495.0,51.0,2700.0,0.0,12.0,Scott Fleming,Female,HR,04-12-2018,Inactive,Chicago,Morning
496.0,50.0,8594.0,5.0,9.0,Patrick Martin,Other,Sales,30-10-2021,Inactive,Chicago,Night
497.0,30.0,3558.0,0.0,18.0,Brittany Martinez,Other,Sales,16-10-2020,Inactive,New York,Night
498.0,52.0,7471.0,0.0,9.0,Lori Thomas,Male,IT,14-03-2023,Inactive,New York,Evening
499.0,62.0,6359.0,2.0,15.0,Paul Mccullough,Other,IT,12-01-2021,Active,Los Angeles,Evening
500.0,62.0,9773.0,0.0,19.0,Bruce Rodriguez,Male,IT,23-09-2019,Inactive,Los Angeles,Night
501.0,22.0,6558.0,1.0,14.0,Kristi Stevens,Male,HR,30-10-2021,Active,Chicago,Night
502.0,32.0,7401.0,0.0,8.0,Christina Hayes,Male,Sales,28-07-2020,Active,Los Angeles,Evening
503.0,28.0,8308.0,5.0,18.0,Dawn Choi,Female,IT,21-10-2018,Active,Los Angeles,Night
504.0,25.0,2712.0,0.0,10.0,Zachary Bowen,Male,Sales,28-05-2016,Active,Chicago,Morning
505.0,64.0,3934.0,5.0,20.0,Crystal Lee,Male,HR,09-07-2022,Inactive,Los Angeles,Night
506.0,50.0,3135.0,0.0,17.0,Dr. Justin Vega,Female,HR,20-03-2020,Inactive,Los Angeles,Night
507.0,62.0,3980.0,0.0,9.0,Bradley Riley,Other,IT,09-01-2024,Active,New York,Morning
508.0,35.0,8602.0,2.0,17.0,George Mcpherson,Male,HR,30-10-2018,Inactive,New York,Morning
509.0,32.0,3726.0,0.0,4.0,Erica Garcia,Female,IT,11-10-2021,Active,Chicago,Night
510.0,62.0,3278.0,5.0,10.0,Christopher Black,Female,HR,29-08-2021,Inactive,Los Angeles,Evening
511.0,24.0,5716.0,5.0,15.0,Charles Smith,Female,IT,13-12-2019,Active,Chicago,Night
512.0,56.0,7339.0,0.0,1.0,Ellen Wright,Male,HR,06-01-2023,Active,New York,Evening
513.0,41.0,3067.0,2.0,19.0,Ryan Hess,Male,HR,06-12-2023,Active,Los Angeles,Evening
514.0,59.0,8297.0,4.0,1.0,Miss Alyssa Perez DDS,Other,HR,13-10-2015,Inactive,Los Angeles,Morning
515.0,48.0,9293.0,0.0,17.0,Taylor Williamson,Male,HR,10-03-2015,Inactive,Chicago,Night
516.0,42.0,4243.0,3.0,2.0,Megan Sullivan,Female,IT,24-05-2023,Active,Los Angeles,Evening
517.0,35.0,9630.0,0.0,1.0,Christina Lowe,Female,Sales,03-07-2018,Active,Los Angeles,Night
518.0,37.0,9844.0,0.0,4.0,Anthony Sanchez DVM,Other,IT,28-11-2020,Active,Los Angeles,Morning
519.0,46.0,6688.0,0.0,16.0,Kyle Strong,Female,HR,06-05-2019,Active,New York,Night
520.0,60.0,2949.0,2.0,18.0,Omar Thomas,Male,Sales,12-11-2015,Inactive,Chicago,Morning
521.0,44.0,2246.0,2.0,6.0,Angela Jimenez,Other,HR,02-05-2016,Inactive,New York,Evening
522.0,18.0,2302.0,0.0,6.0,Rebecca Stone,Female,HR,08-01-2024,Active,New York,Night
523.0,37.0,8961.0,1.0,1.0,Kyle Smith,Male,IT,04-09-2020,Inactive,Chicago,Evening
524.0,36.0,3619.0,3.0,7.0,Gwendolyn Ray,Female,Sales,08-06-2021,Inactive,New York,Evening
525.0,19.0,8100.0,1.0,4.0,Stephen Wilcox,Other,HR,06-02-2019,Active,Chicago,Night
526.0,55.0,3072.0,0.0,16.0,Ashley Barber,Male,IT,26-08-2022,Inactive,New York,Night
527.0,55.0,2247.0,4.0,19.0,Brittany Holt,Male,IT,18-02-2018,Inactive,New York,Morning
528.0,18.0,4941.0,5.0,19.0,Amber Rodriguez,Male,Sales,11-12-2022,Active,Los Angeles,Morning
529.0,44.0,6936.0,2.0,2.0,Anne Roberts,Male,Sales,20-11-2016,Active,Chicago,Evening
530.0,40.0,7002.0,2.0,20.0,Katie Vega,Female,HR,06-08-2019,Active,Los Angeles,Night
531.0,32.0,2759.0,5.0,7.0,Gabriel Weber,Male,HR,10-05-2016,Inactive,Los Angeles,Evening
532.0,54.0,9988.0,0.0,16.0,Jeffrey Williamson,Other,IT,08-12-2015,Inactive,Chicago,Evening
533.0,61.0,2646.0,0.0,17.0,Jason Juarez,Other,Sales,25-03-2019,Inactive,Los Angeles,Morning
534.0,53.0,3093.0,3.0,7.0,Toni Hall,Other,HR,23-10-2016,Active,New York,Night
535.0,28.0,4004.0,0.0,10.0,Ryan Ramos,Female,Sales,22-10-2016,Active,Chicago,Morning
536.0,30.0,4615.0,0.0,11.0,Thomas Stuart,Male,HR,07-01-2022,Inactive,Los Angeles,Evening
537.0,31.0,3299.0,0.0,10.0,Joseph Adams,Female,Sales,28-02-2018,Inactive,New York,Night
538.0,20.0,2492.0,0.0,3.0,Kimberly Burke,Male,IT,25-09-2016,Inactive,Los Angeles,Morning
539.0,38.0,8388.0,1.0,20.0,Brandon Church,Male,HR,02-08-2021,Inactive,Chicago,Morning
540.0,39.0,9823.0,0.0,1.0,Jonathan Reed,Female,IT,02-04-2019,Active,Chicago,Night
541.0,53.0,6092.0,0.0,16.0,Julie Turner,Female,HR,01-09-2021,Active,New York,Evening
542.0,46.0,5594.0,0.0,3.0,Joseph Vargas,Female,Sales,05-09-2016,Active,Chicago,Evening
543.0,37.0,6468.0,0.0,13.0,Michael Parker,Other,HR,17-11-2018,Inactive,Los Angeles,Evening
544.0,63.0,9838.0,5.0,20.0,Erin Cunningham,Other,HR,10-06-2015,Active,Los Angeles,Morning
545.0,47.0,2766.0,0.0,20.0,Elizabeth Watson,Female,HR,11-10-2018,Inactive,Los Angeles,Night
546.0,31.0,8103.0,5.0,4.0,Tara Mccoy,Male,IT,23-05-2020,Active,Chicago,Night
547.0,24.0,8608.0,0.0,20.0,Louis Larsen,Male,Sales,30-10-2018,Inactive,Los Angeles,Night
548.0,50.0,3902.0,0.0,5.0,Tara Waller,Other,IT,21-10-2020,Inactive,Los Angeles,Evening
549.0,32.0,7206.0,0.0,9.0,Morgan Thompson,Other,HR,11-01-2018,Inactive,New York,Night
550.0,26.0,5184.0,0.0,11.0,Jason Greene,Male,Sales,09-12-2018,Active,Chicago,Evening
551.0,50.0,3609.0,0.0,3.0,Patricia Terry,Male,Sales,30-01-2020,Inactive,Los Angeles,Evening
552.0,48.0,2152.0,0.0,11.0,Melissa Erickson,Other,IT,04-07-2020,Active,Los Angeles,Morning
553.0,26.0,9704.0,0.0,9.0,Amanda Griffith,Male,Sales,30-05-2019,Active,New York,Evening
554.0,20.0,2061.0,3.0,14.0,Leslie Walker,Other,IT,05-09-2024,Inactive,Chicago,Morning
555.0,28.0,2673.0,0.0,17.0,Johnny Dalton,Other,HR,05-10-2023,Inactive,New York,Night
556.0,29.0,8220.0,5.0,11.0,Crystal Kidd,Female,HR,20-11-2019,Active,Los Angeles,Morning
557.0,24.0,7887.0,0.0,14.0,Kristina Phillips,Male,IT,22-01-2018,Active,Chicago,Night
558.0,28.0,9163.0,2.0,12.0,Michaela Rivera,Male,HR,05-10-2018,Active,Los Angeles,Morning
559.0,63.0,2640.0,0.0,3.0,Tammy Mcpherson,Female,Sales,24-10-2020,Active,New York,Morning
560.0,39.0,2831.0,4.0,8.0,Carrie Thomas,Female,Sales,22-03-2022,Active,Los Angeles,Evening
561.0,52.0,7404.0,4.0,15.0,Kimberly Davis,Female,HR,06-01-2024,Inactive,New York,Morning
562.0,37.0,8201.0,2.0,16.0,Pamela Levine,Female,HR,13-11-2017,Inactive,Chicago,Morning
563.0,51.0,9646.0,0.0,18.0,Beverly Logan,Female,HR,08-08-2021,Inactive,Chicago,Evening
564.0,23.0,7551.0,0.0,13.0,Pamela Ellison,Female,HR,18-10-2018,Inactive,New York,Night
565.0,50.0,8941.0,2.0,11.0,Kathleen Ross,Male,IT,12-09-2018,Active,New York,Morning
566.0,46.0,3768.0,1.0,4.0,Erica Jones,Female,Sales,19-10-2022,Inactive,Chicago,Night
567.0,32.0,9370.0,4.0,20.0,Adam Thomas,Female,HR,08-05-2021,Inactive,New York,Night
568.0,20.0,7155.0,0.0,1.0,Courtney Lucas,Other,Sales,17-11-2015,Inactive,Los Angeles,Night
569.0,55.0,6345.0,0.0,2.0,Kimberly Montgomery,Female,Sales,06-03-2019,Active,Los Angeles,Evening
570.0,35.0,2042.0,0.0,4.0,Paul Smith,Other,IT,22-12-2016,Active,New York,Evening
571.0,18.0,2392.0,0.0,20.0,Tamara Harding,Other,HR,08-03-2017,Active,Los Angeles,Evening
572.0,41.0,4208.0,4.0,5.0,Suzanne Miller,Other,Sales,26-02-2023,Inactive,Chicago,Evening
573.0,22.0,3141.0,0.0,19.0,Laura Harvey,Male,IT,06-02-2024,Inactive,New York,Night
574.0,38.0,3532.0,0.0,1.0,Patrick Rodriguez,Male,IT,18-11-2018,Active,New York,Morning
575.0,27.0,3247.0,4.0,11.0,Sabrina Davis,Other,HR,22-09-2021,Active,Chicago,Morning
576.0,34.0,5168.0,1.0,14.0,Eric Smith,Male,HR,15-12-2023,Inactive,New York,Evening
577.0,49.0,7111.0,5.0,18.0,Chad Kennedy,Male,Sales,15-03-2022,Active,Chicago,Night
578.0,28.0,4002.0,2.0,12.0,Denise Lindsey,Other,IT,25-03-2015,Active,New York,Evening
579.0,18.0,8824.0,5.0,11.0,Dawn Fuller MD,Other,HR,03-11-2015,Inactive,New York,Morning
580.0,32.0,3736.0,3.0,17.0,Mark Santiago,Male,HR,26-09-2018,Active,New York,Evening
581.0,32.0,9772.0,1.0,8.0,Jennifer Stewart,Female,HR,05-05-2021,Inactive,Los Angeles,Night
582.0,35.0,3433.0,0.0,11.0,Sara Harris,Other,IT,07-03-2024,Active,New York,Evening
583.0,60.0,3154.0,0.0,12.0,Nicholas Anderson,Male,Sales,13-02-2016,Inactive,New York,Night
584.0,19.0,6531.0,2.0,10.0,Robin Williams,Other,HR,01-11-2018,Inactive,Los Angeles,Morning
585.0,62.0,2844.0,5.0,10.0,Angela Bell,Female,Sales,11-04-2015,Active,New York,Evening
586.0,24.0,2401.0,2.0,19.0,Alexander Mitchell,Other,HR,21-01-2020,Inactive,New York,Night
587.0,47.0,5440.0,0.0,11.0,Leslie Harmon,Male,IT,19-09-2016,Inactive,New York,Evening
588.0,42.0,9390.0,5.0,13.0,Krystal Rice,Other,HR,05-08-2021,Inactive,New York,Morning
589.0,64.0,7293.0,2.0,4.0,Mr. Gary Ramos,Other,Sales,05-12-2022,Inactive,Los Angeles,Night
590.0,18.0,7088.0,0.0,7.0,Meghan Beck,Female,HR,05-11-2020,Active,Los Angeles,Night
591.0,38.0,7948.0,0.0,18.0,Nancy Vincent,Other,HR,06-09-2020,Inactive,Los Angeles,Morning
592.0,49.0,9323.0,0.0,18.0,Jonathan Rangel,Other,Sales,19-01-2021,Inactive,Chicago,Evening
593.0,47.0,7876.0,2.0,1.0,Laura Smith,Female,Sales,30-04-2019,Active,Los Angeles,Morning
594.0,28.0,8165.0,0.0,4.0,Amber Mason,Other,HR,27-12-2020,Active,Chicago,Evening
595.0,35.0,9906.0,0.0,9.0,Michelle Smith,Other,Sales,18-12-2018,Active,Los Angeles,Evening
596.0,53.0,8742.0,0.0,16.0,Megan Barry,Female,Sales,05-04-2019,Inactive,Los Angeles,Evening
597.0,55.0,4040.0,2.0,19.0,Kathy Clark,Female,IT,23-05-2015,Inactive,New York,Morning
598.0,20.0,2256.0,0.0,9.0,Brenda Torres,Male,HR,10-04-2020,Active,New York,Evening
599.0,58.0,2593.0,0.0,11.0,James Rose,Female,HR,01-08-2019,Inactive,Chicago,Night
600.0,20.0,7375.0,5.0,2.0,Stephen Weber,Male,HR,15-02-2016,Active,Chicago,Night
601.0,30.0,7847.0,3.0,10.0,Jason Hess,Female,IT,04-04-2024,Inactive,New York,Morning
602.0,52.0,6509.0,1.0,1.0,Connie Collins,Male,Sales,07-05-2021,Active,Chicago,Morning
603.0,37.0,4680.0,2.0,13.0,Melissa Evans,Female,HR,22-11-2020,Inactive,Los Angeles,Evening
604.0,50.0,7767.0,1.0,3.0,Thomas Martinez,Male,HR,24-03-2021,Inactive,New York,Morning
605.0,65.0,8054.0,2.0,9.0,Erin Phillips,Female,Sales,04-01-2022,Active,New York,Night
606.0,36.0,5765.0,1.0,17.0,Stephanie Lopez,Female,IT,31-08-2023,Inactive,New York,Night
607.0,54.0,5240.0,0.0,12.0,Christopher Knapp,Male,HR,13-07-2016,Inactive,New York,Evening
608.0,48.0,3845.0,4.0,13.0,Shelly Russo,Female,Sales,14-09-2015,Active,Chicago,Night
609.0,55.0,8646.0,2.0,14.0,Kimberly Galvan,Male,HR,24-03-2018,Inactive,New York,Night
610.0,62.0,4160.0,3.0,12.0,Renee Burnett,Male,Sales,25-08-2021,Active,Chicago,Night
611.0,50.0,6272.0,0.0,1.0,Kerry Simon,Male,Sales,19-01-2018,Active,New York,Night
612.0,31.0,4654.0,0.0,7.0,Alfred Barr,Female,Sales,01-05-2020,Inactive,Chicago,Morning
613.0,64.0,9282.0,0.0,20.0,Kelsey Hines,Other,IT,06-10-2016,Active,New York,Evening
614.0,64.0,5152.0,0.0,15.0,Elizabeth Dudley,Other,HR,05-05-2019,Active,New York,Night
615.0,53.0,4213.0,0.0,1.0,Kimberly Dunlap,Male,HR,21-06-2018,Active,Los Angeles,Morning
616.0,59.0,3105.0,3.0,9.0,David Pena,Male,IT,09-07-2017,Active,Los Angeles,Night
617.0,19.0,6934.0,4.0,8.0,Sarah Castro,Other,IT,20-10-2019,Inactive,Los Angeles,Evening
618.0,36.0,9775.0,4.0,5.0,Tiffany Richardson,Other,IT,24-11-2018,Active,Los Angeles,Night
619.0,63.0,5417.0,2.0,11.0,Terry Burch,Male,IT,05-12-2019,Active,Los Angeles,Evening
620.0,31.0,6675.0,0.0,9.0,Jason Davis,Female,IT,21-10-2017,Active,New York,Night
621.0,51.0,5740.0,0.0,17.0,Henry Bennett,Other,Sales,29-09-2023,Active,Los Angeles,Evening
622.0,42.0,4781.0,0.0,4.0,John Rodriguez,Female,IT,20-01-2023,Inactive,Los Angeles,Night
623.0,26.0,8377.0,2.0,7.0,Joseph Smith,Male,Sales,23-06-2022,Active,Chicago,Morning
624.0,64.0,8635.0,0.0,20.0,Anthony Miller,Other,Sales,09-06-2020,Inactive,New York,Evening
625.0,64.0,4232.0,2.0,10.0,Jennifer Clark,Male,IT,21-05-2023,Active,New York,Night
626.0,23.0,7218.0,1.0,19.0,Douglas Martin,Female,HR,17-01-2017,Inactive,New York,Night
627.0,36.0,9295.0,0.0,7.0,Brenda Carter,Male,IT,04-03-2020,Inactive,Chicago,Evening
628.0,20.0,6165.0,0.0,9.0,Terri Foster,Male,HR,22-12-2017,Active,New York,Morning
629.0,23.0,3790.0,2.0,13.0,Brenda Lang,Male,HR,01-08-2024,Active,New York,Morning
630.0,52.0,9364.0,0.0,5.0,Patricia Scott,Other,Sales,05-11-2019,Active,New York,Evening
631.0,21.0,5970.0,0.0,6.0,Melissa Vega,Female,Sales,09-11-2016,Active,Los Angeles,Evening
632.0,23.0,7974.0,0.0,14.0,Taylor Thompson,Other,HR,26-07-2018,Inactive,New York,Morning
633.0,21.0,7343.0,0.0,7.0,Tina Welch,Other,HR,01-02-2019,Inactive,Los Angeles,Morning
634.0,21.0,3913.0,0.0,9.0,Heather Arias,Female,Sales,23-11-2017,Active,New York,Evening
635.0,65.0,4565.0,3.0,2.0,Ralph Newman,Other,IT,10-04-2022,Active,New York,Night
636.0,37.0,3622.0,0.0,15.0,Stacy Bell,Female,Sales,10-02-2017,Active,Los Angeles,Evening
637.0,54.0,5589.0,0.0,10.0,Tyler Miller,Female,IT,18-08-2021,Inactive,Los Angeles,Evening
638.0,51.0,2218.0,0.0,5.0,Valerie Lee,Other,HR,10-02-2023,Inactive,Chicago,Evening
639.0,19.0,2277.0,1.0,4.0,Jimmy Wade,Male,Sales,21-10-2019,Active,Los Angeles,Night
640.0,24.0,8973.0,0.0,4.0,Carlos Mcmillan,Other,IT,18-03-2016,Inactive,Los Angeles,Morning
641.0,51.0,3779.0,5.0,20.0,Laurie Mata,Other,HR,27-11-2021,Inactive,Chicago,Night
642.0,37.0,6354.0,0.0,9.0,Brianna Phelps,Male,Sales,03-12-2021,Active,Los Angeles,Night
643.0,45.0,7756.0,3.0,5.0,Heather Henry,Female,IT,05-07-2018,Inactive,Los Angeles,Night
644.0,40.0,6918.0,5.0,1.0,Rebecca Avery,Female,HR,03-02-2019,Active,Los Angeles,Night
645.0,33.0,9323.0,0.0,10.0,Anthony Blankenship,Other,IT,16-10-2017,Active,Chicago,Morning
646.0,37.0,2899.0,2.0,4.0,Alice Martin,Male,HR,10-02-2021,Inactive,Chicago,Night
647.0,28.0,8643.0,1.0,11.0,Phillip Nelson,Other,Sales,23-04-2019,Active,Chicago,Morning
648.0,58.0,4038.0,3.0,13.0,Emily Martin,Male,Sales,06-09-2020,Active,Los Angeles,Evening
649.0,19.0,8687.0,0.0,9.0,Monica Blake,Other,Sales,19-11-2016,Active,New York,Morning
650.0,36.0,6907.0,0.0,6.0,Rebecca Carter,Female,IT,28-04-2015,Inactive,Chicago,Morning
651.0,57.0,2850.0,0.0,1.0,Jason Warren,Female,HR,24-10-2019,Active,Los Angeles,Evening
652.0,47.0,3343.0,0.0,1.0,Julian Maxwell,Female,IT,26-01-2022,Inactive,Los Angeles,Night
653.0,61.0,5508.0,5.0,5.0,Mrs. Kimberly Day MD,Male,HR,06-04-2016,Active,Los Angeles,Night
654.0,19.0,3896.0,3.0,12.0,Rachel Roman,Male,Sales,21-09-2023,Inactive,Los Angeles,Night
655.0,59.0,5042.0,2.0,13.0,Elizabeth Johnston,Other,HR,18-04-2018,Inactive,Chicago,Night
656.0,55.0,8505.0,0.0,9.0,Sabrina Norris,Female,Sales,23-12-2022,Inactive,New York,Morning
657.0,40.0,4393.0,0.0,7.0,Brandi Harvey,Other,HR,21-12-2020,Active,Chicago,Night
658.0,28.0,3453.0,0.0,13.0,Hayden Parsons,Other,Sales,01-05-2017,Inactive,Chicago,Night
659.0,20.0,3500.0,0.0,20.0,Gregory Marshall,Male,HR,11-08-2020,Active,New York,Morning
660.0,65.0,5816.0,4.0,9.0,Eric Bailey,Female,HR,24-06-2021,Active,Chicago,Evening
661.0,48.0,8150.0,0.0,3.0,Dawn Coleman,Female,HR,30-03-2017,Active,New York,Night
662.0,47.0,7270.0,1.0,3.0,Alex Jones,Male,Sales,11-12-2022,Inactive,Chicago,Night
663.0,28.0,6861.0,1.0,12.0,Bobby Tanner,Other,HR,10-02-2023,Inactive,Chicago,Night
664.0,51.0,6903.0,0.0,9.0,Jeffrey Stephens,Other,IT,10-06-2020,Active,Chicago,Night
665.0,43.0,9053.0,1.0,9.0,Brenda Mendoza,Female,Sales,20-02-2024,Active,New York,Evening
666.0,43.0,6853.0,0.0,10.0,John Adkins,Other,Sales,28-08-2017,Inactive,New York,Night
667.0,23.0,4156.0,0.0,17.0,James Diaz,Female,IT,05-11-2015,Inactive,New York,Evening
668.0,29.0,8335.0,0.0,17.0,Leslie Velez,Male,IT,02-01-2020,Inactive,Chicago,Morning
669.0,23.0,8898.0,1.0,15.0,Michael Lee,Male,Sales,09-04-2020,Active,New York,Night
670.0,31.0,6174.0,0.0,3.0,Lindsey Davis,Female,Sales,05-07-2015,Inactive,New York,Evening
671.0,62.0,7445.0,2.0,19.0,Sara Brewer,Other,HR,04-05-2017,Inactive,Chicago,Morning
672.0,28.0,3478.0,3.0,16.0,Seth Brown,Other,IT,03-05-2020,Inactive,Los Angeles,Night
673.0,35.0,4196.0,5.0,6.0,Stanley White,Female,IT,05-11-2022,Inactive,New York,Morning
674.0,20.0,2372.0,4.0,8.0,Mrs. Theresa Wilson,Female,Sales,13-10-2018,Active,Chicago,Morning
675.0,60.0,3436.0,1.0,10.0,John Freeman,Male,HR,22-10-2021,Active,Los Angeles,Night
676.0,59.0,8057.0,0.0,6.0,Charles Nichols,Other,Sales,27-08-2020,Active,New York,Evening
677.0,40.0,5765.0,0.0,18.0,Cory Roth,Other,IT,16-09-2016,Inactive,New York,Evening
678.0,35.0,5900.0,0.0,12.0,Michelle Durham,Male,HR,25-04-2015,Active,Chicago,Evening
679.0,42.0,8696.0,0.0,11.0,Manuel Lewis,Female,IT,09-12-2023,Inactive,New York,Morning
680.0,58.0,2477.0,0.0,4.0,Jeremy Garcia,Female,HR,08-10-2024,Active,New York,Morning
681.0,19.0,6725.0,3.0,6.0,Christy Jordan,Female,IT,25-10-2022,Active,Chicago,Morning
682.0,29.0,7514.0,1.0,8.0,Colleen Jones,Other,Sales,26-07-2022,Inactive,New York,Night
683.0,21.0,4750.0,2.0,8.0,Zachary Brown,Other,Sales,10-03-2020,Inactive,New York,Morning
684.0,48.0,5309.0,1.0,5.0,Jill Stanton,Male,HR,29-03-2023,Active,New York,Morning
685.0,50.0,9782.0,0.0,9.0,Kristen Jackson,Female,IT,20-04-2015,Inactive,Chicago,Night
686.0,27.0,6589.0,0.0,3.0,Jillian Ramos,Other,HR,16-10-2016,Inactive,New York,Evening
687.0,20.0,4483.0,2.0,19.0,Angel Henry,Male,Sales,29-07-2016,Active,New York,Night
688.0,20.0,9044.0,0.0,7.0,Brandon Martin,Female,IT,08-10-2021,Active,Los Angeles,Morning
689.0,29.0,3504.0,0.0,10.0,Natalie Byrd,Male,HR,05-07-2016,Active,Chicago,Evening
690.0,35.0,5531.0,0.0,7.0,Samuel Rivera,Female,HR,13-01-2017,Active,Chicago,Morning
691.0,60.0,4255.0,0.0,17.0,Dr. Danny Mccann,Other,IT,12-09-2021,Active,New York,Evening
692.0,47.0,2145.0,0.0,10.0,Jim Scott,Male,Sales,23-08-2021,Active,Chicago,Night
693.0,63.0,7897.0,0.0,20.0,Molly Harris,Male,IT,20-08-2024,Active,New York,Evening
694.0,61.0,3742.0,0.0,16.0,Edward Smith,Other,IT,17-08-2017,Active,New York,Evening
695.0,50.0,4721.0,5.0,16.0,Jessica Lopez,Female,HR,08-11-2024,Active,Los Angeles,Evening
696.0,62.0,2873.0,3.0,1.0,Cynthia Melton,Other,HR,18-09-2019,Inactive,Chicago,Morning
697.0,61.0,3398.0,0.0,4.0,John Smith,Female,IT,15-10-2019,Inactive,Chicago,Night
698.0,22.0,4927.0,5.0,20.0,Carl Armstrong,Male,IT,13-05-2016,Active,Los Angeles,Evening
699.0,48.0,2106.0,2.0,3.0,Ashley Garcia,Other,Sales,28-02-2020,Active,Chicago,Night
700.0,39.0,7614.0,0.0,10.0,David Pierce,Female,IT,22-03-2021,Active,New York,Evening
701.0,44.0,8634.0,0.0,3.0,Jerry Thompson,Female,IT,28-02-2021,Inactive,New York,Evening
702.0,43.0,4925.0,0.0,3.0,Lisa Ramirez,Female,IT,25-05-2016,Active,New York,Evening
703.0,53.0,5273.0,1.0,4.0,Rhonda Salinas,Male,HR,27-07-2021,Inactive,New York,Night
704.0,42.0,9621.0,2.0,16.0,Cheryl Chambers,Other,IT,18-11-2018,Active,Los Angeles,Night
705.0,39.0,7371.0,1.0,4.0,Mr. Micheal Henry,Male,IT,02-02-2017,Inactive,Chicago,Night
706.0,28.0,7873.0,3.0,2.0,Raymond Nelson,Female,Sales,10-09-2022,Active,Chicago,Night
707.0,42.0,9871.0,0.0,5.0,Angela Roberts,Male,IT,09-07-2018,Inactive,Los Angeles,Morning
708.0,51.0,4164.0,3.0,8.0,Megan Lamb,Female,Sales,11-09-2020,Inactive,New York,Morning
709.0,23.0,5648.0,0.0,19.0,Brian Owens,Male,HR,05-07-2020,Active,New York,Morning
710.0,54.0,9592.0,0.0,1.0,Jacob Woods,Female,IT,03-06-2020,Active,New York,Night
711.0,57.0,2096.0,5.0,1.0,Ellen Barker,Female,IT,02-10-2016,Inactive,New York,Night
712.0,40.0,4386.0,1.0,19.0,Dana Garcia,Female,IT,22-04-2024,Inactive,Chicago,Night
713.0,47.0,7123.0,0.0,11.0,Howard Key,Male,HR,04-04-2019,Active,New York,Night
714.0,41.0,3591.0,2.0,18.0,Melissa Wallace,Female,IT,22-09-2015,Inactive,Los Angeles,Morning
715.0,22.0,5449.0,3.0,2.0,Monique Davis,Female,IT,10-03-2016,Inactive,Los Angeles,Evening
716.0,26.0,4664.0,0.0,16.0,Mary Martinez,Other,Sales,15-12-2023,Inactive,Chicago,Evening
717.0,20.0,7345.0,0.0,11.0,Jeff Johnson,Other,IT,11-12-2014,Inactive,New York,Morning
718.0,45.0,7615.0,0.0,7.0,Douglas Ramirez,Male,Sales,27-04-2021,Inactive,Chicago,Evening
719.0,27.0,6899.0,5.0,3.0,Amy Miller,Other,HR,04-09-2017,Inactive,New York,Morning
720.0,60.0,5107.0,5.0,4.0,Patrick Evans,Other,IT,27-11-2017,Active,Chicago,Night
721.0,49.0,5126.0,4.0,13.0,Shannon Jackson,Female,IT,24-07-2015,Inactive,Los Angeles,Morning
722.0,60.0,2131.0,4.0,19.0,Kelly Rios,Other,IT,17-06-2015,Active,New York,Evening
723.0,57.0,6974.0,4.0,6.0,Jill Buchanan,Male,HR,13-08-2024,Active,Los Angeles,Evening
724.0,49.0,7298.0,0.0,18.0,Keith Johnson,Male,IT,21-09-2020,Inactive,Los Angeles,Evening
725.0,36.0,4936.0,0.0,12.0,Gregory Smith,Female,IT,13-04-2022,Active,Chicago,Evening
726.0,64.0,2962.0,0.0,17.0,Joseph Klein,Other,Sales,16-04-2019,Inactive,Los Angeles,Night
727.0,36.0,2321.0,0.0,1.0,David Gregory,Male,Sales,11-12-2023,Active,Chicago,Evening
728.0,60.0,5312.0,0.0,8.0,Tammy Dixon,Male,HR,29-09-2021,Active,Los Angeles,Night
729.0,60.0,4524.0,3.0,3.0,Linda Hawkins,Other,HR,05-06-2015,Inactive,New York,Morning
730.0,65.0,9136.0,0.0,3.0,Deborah Sanchez,Female,IT,05-07-2020,Inactive,Chicago,Morning
731.0,40.0,6352.0,2.0,4.0,Melissa Carey,Female,IT,03-06-2020,Active,Los Angeles,Morning
732.0,36.0,7378.0,0.0,2.0,Corey Johnson,Male,HR,26-10-2016,Active,Chicago,Morning
733.0,21.0,8147.0,5.0,2.0,Jay Evans,Male,HR,29-03-2022,Inactive,Chicago,Morning
734.0,44.0,5551.0,3.0,17.0,Kevin Green,Male,HR,13-09-2021,Active,Chicago,Night
735.0,44.0,2683.0,3.0,3.0,Rebecca Padilla,Female,Sales,30-09-2018,Active,Los Angeles,Morning
736.0,25.0,9392.0,0.0,17.0,Dave Romero,Male,IT,20-04-2024,Inactive,New York,Morning
737.0,24.0,2727.0,0.0,1.0,David Mills,Female,HR,07-12-2020,Inactive,Chicago,Night
738.0,25.0,2797.0,2.0,17.0,William Alexander,Female,Sales,26-03-2021,Inactive,New York,Night
739.0,36.0,2709.0,0.0,9.0,Mr. John Hill II,Female,Sales,07-09-2021,Inactive,Los Angeles,Night
740.0,44.0,3062.0,1.0,3.0,John Foster,Other,IT,28-01-2021,Active,New York,Night
741.0,41.0,8189.0,0.0,3.0,Christy Berry,Female,Sales,12-10-2016,Active,Chicago,Morning
742.0,25.0,3647.0,2.0,19.0,Jason Ortiz,Female,IT,18-10-2020,Inactive,New York,Evening
743.0,41.0,9409.0,0.0,16.0,Timothy Guzman,Female,Sales,17-09-2023,Inactive,New York,Morning
744.0,34.0,2786.0,1.0,6.0,Manuel Ramirez,Female,Sales,27-07-2017,Active,Los Angeles,Evening
745.0,51.0,2892.0,0.0,8.0,Erik Rodriguez,Other,HR,06-10-2016,Active,Los Angeles,Night
746.0,51.0,8009.0,0.0,15.0,Jo Richards,Male,Sales,14-12-2020,Inactive,Chicago,Night
747.0,51.0,5497.0,5.0,13.0,Veronica Bennett,Other,IT,26-12-2021,Inactive,Los Angeles,Morning
748.0,58.0,2451.0,4.0,2.0,Zoe Camacho,Male,Sales,22-11-2020,Active,New York,Night
749.0,54.0,9098.0,0.0,4.0,Jennifer Cruz,Other,HR,05-09-2022,Inactive,Chicago,Morning
750.0,36.0,2162.0,0.0,7.0,William Garza,Male,IT,22-05-2019,Active,New York,Morning
751.0,45.0,2532.0,3.0,7.0,Matthew Anderson,Male,IT,25-05-2021,Active,New York,Night
752.0,40.0,8831.0,5.0,8.0,David Powell IV,Other,IT,27-01-2021,Active,New York,Morning
753.0,53.0,8632.0,0.0,15.0,Lynn Franco,Other,IT,27-12-2020,Inactive,Chicago,Morning
754.0,28.0,9146.0,5.0,13.0,Kelly Sutton,Female,IT,16-10-2022,Active,Chicago,Evening
755.0,39.0,8348.0,0.0,19.0,Sheri Cortez,Male,HR,11-06-2023,Active,Chicago,Morning
756.0,28.0,5009.0,2.0,1.0,Stanley Baker,Other,Sales,14-08-2017,Active,Chicago,Evening
757.0,38.0,9666.0,0.0,15.0,James James,Male,Sales,14-04-2016,Active,Los Angeles,Morning
758.0,34.0,3395.0,3.0,4.0,Mr. Harry Allen,Other,Sales,31-05-2015,Active,Los Angeles,Morning
759.0,53.0,9917.0,1.0,16.0,Matthew Roberts,Male,Sales,07-07-2017,Active,Los Angeles,Evening
760.0,32.0,9626.0,0.0,16.0,Gary Lee,Other,IT,25-04-2020,Active,Los Angeles,Night
761.0,34.0,4424.0,5.0,19.0,Taylor Dean,Female,Sales,22-08-2021,Inactive,New York,Night
762.0,19.0,9825.0,4.0,5.0,Madeline Contreras,Other,HR,16-11-2018,Inactive,Los Angeles,Morning
763.0,51.0,9654.0,1.0,11.0,Terri Ross,Female,IT,15-04-2022,Active,Los Angeles,Night
764.0,30.0,6212.0,4.0,15.0,Darrell Wall,Male,IT,05-05-2021,Inactive,Chicago,Night
765.0,48.0,3927.0,5.0,20.0,Roberta Haas,Male,HR,13-07-2019,Inactive,Chicago,Evening
766.0,42.0,3414.0,2.0,20.0,Steve Smith,Female,Sales,13-02-2023,Inactive,Chicago,Evening
767.0,62.0,4483.0,0.0,8.0,William Davis,Other,IT,01-06-2021,Active,Los Angeles,Morning
768.0,27.0,6086.0,2.0,1.0,Paige Hayes,Female,Sales,05-06-2016,Active,Chicago,Night
769.0,26.0,6745.0,0.0,16.0,Julie Baird,Other,HR,10-10-2024,Active,Los Angeles,Evening
770.0,19.0,6166.0,0.0,10.0,Isaac Shannon,Other,HR,12-10-2020,Active,New York,Night
771.0,64.0,7841.0,3.0,14.0,Daniel Lee,Female,Sales,29-08-2017,Active,Chicago,Night
772.0,39.0,4949.0,5.0,7.0,Willie Miller,Female,Sales,27-08-2022,Inactive,New York,Evening
773.0,45.0,8462.0,3.0,2.0,Bryan Brown,Other,IT,12-03-2019,Active,Los Angeles,Evening
774.0,30.0,9314.0,0.0,4.0,Penny Jennings,Other,IT,08-11-2016,Active,Los Angeles,Morning
775.0,62.0,5349.0,2.0,8.0,Christopher Swanson,Female,Sales,12-12-2020,Inactive,Los Angeles,Evening
776.0,53.0,7659.0,3.0,16.0,Emily Price,Male,HR,02-09-2020,Active,Los Angeles,Evening
777.0,61.0,7765.0,2.0,16.0,Rebecca Gonzalez,Male,Sales,22-03-2018,Inactive,Los Angeles,Night
778.0,58.0,3703.0,2.0,6.0,Danielle Garza,Other,IT,11-04-2016,Inactive,Chicago,Night
779.0,39.0,9653.0,0.0,19.0,David Nelson,Other,Sales,08-08-2021,Inactive,New York,Morning
780.0,37.0,2511.0,0.0,5.0,Brian Phillips,Other,HR,02-07-2022,Inactive,Chicago,Morning
781.0,44.0,6141.0,3.0,1.0,Anita Jones,Male,IT,15-05-2017,Active,Los Angeles,Evening
782.0,18.0,2973.0,0.0,4.0,Sheila Moore,Male,HR,29-05-2019,Active,Chicago,Morning
783.0,54.0,6145.0,3.0,7.0,Alex Thompson,Female,HR,03-02-2019,Inactive,New York,Evening
784.0,46.0,5031.0,0.0,7.0,Danielle Gomez,Male,IT,16-06-2018,Active,New York,Morning
785.0,49.0,4679.0,0.0,15.0,Alyssa Harris,Male,HR,27-11-2022,Active,Chicago,Morning
786.0,20.0,3265.0,5.0,7.0,Steve Morton,Other,Sales,16-12-2022,Active,Los Angeles,Evening
787.0,19.0,4666.0,0.0,16.0,John Smith,Female,HR,01-06-2016,Inactive,Chicago,Evening
788.0,33.0,2078.0,3.0,15.0,David Williams,Female,Sales,22-09-2021,Inactive,New York,Night
789.0,27.0,3153.0,2.0,5.0,Lauren Williams,Other,Sales,04-12-2020,Active,New York,Morning
790.0,65.0,3369.0,0.0,12.0,Carrie Butler,Male,Sales,09-03-2016,Inactive,Chicago,Evening
791.0,59.0,9265.0,1.0,3.0,Matthew Hernandez,Other,IT,17-04-2021,Active,Los Angeles,Evening
792.0,35.0,3717.0,4.0,4.0,Lauren Richardson,Other,Sales,16-07-2016,Inactive,Chicago,Evening
793.0,28.0,9518.0,0.0,9.0,Olivia Butler,Female,IT,05-10-2024,Active,Los Angeles,Night
794.0,30.0,2912.0,0.0,11.0,Carrie Clark,Female,HR,21-12-2018,Active,New York,Morning
795.0,63.0,5419.0,0.0,7.0,Elizabeth Wolf,Female,Sales,17-08-2016,Inactive,New York,Night
796.0,37.0,5423.0,0.0,18.0,Joanne Griffin,Male,IT,27-09-2015,Inactive,Chicago,Morning
797.0,35.0,9926.0,0.0,7.0,Jacob Shannon,Other,Sales,04-09-2016,Active,Chicago,Night
798.0,44.0,4713.0,5.0,2.0,Melanie Casey,Other,HR,09-10-2017,Active,New York,Morning
799.0,49.0,5690.0,0.0,20.0,Lori Gray,Female,IT,09-02-2016,Active,New York,Morning
800.0,52.0,7496.0,3.0,6.0,Ann Mcdonald,Female,HR,27-05-2019,Active,Los Angeles,Night
801.0,22.0,8220.0,0.0,12.0,Jesse Wilson,Female,HR,24-02-2023,Inactive,New York,Evening
802.0,52.0,4721.0,3.0,7.0,Cynthia Vasquez,Male,Sales,08-01-2024,Active,Chicago,Night
803.0,27.0,6247.0,2.0,9.0,Lawrence Smith,Male,HR,20-03-2024,Active,Los Angeles,Morning
804.0,23.0,2372.0,0.0,1.0,Jacob Aguilar,Male,IT,01-06-2020,Inactive,Chicago,Morning
805.0,53.0,8136.0,0.0,6.0,Gerald Sharp,Other,HR,25-02-2016,Inactive,Chicago,Morning
806.0,35.0,5940.0,0.0,5.0,Terri Richards,Female,Sales,17-12-2023,Inactive,Chicago,Evening
807.0,61.0,8381.0,1.0,8.0,Elizabeth Vega,Female,HR,17-12-2021,Inactive,New York,Night
808.0,58.0,3241.0,2.0,6.0,Jeremy Cooper,Female,HR,16-09-2023,Active,Chicago,Evening
809.0,44.0,9092.0,2.0,20.0,Matthew Bonilla,Male,IT,11-06-2018,Active,Chicago,Morning
810.0,60.0,3710.0,0.0,19.0,Eric Montgomery,Female,HR,12-07-2023,Active,Los Angeles,Evening
811.0,62.0,7862.0,0.0,3.0,Susan Gonzalez,Male,IT,20-10-2018,Inactive,New York,Evening
812.0,52.0,9993.0,0.0,12.0,Jesse Miller,Male,HR,27-11-2020,Active,Chicago,Evening
813.0,65.0,4716.0,5.0,17.0,Mr. Dustin Cross,Female,HR,23-02-2017,Active,Los Angeles,Evening
814.0,27.0,7359.0,0.0,7.0,Dr. Pamela Key,Female,Sales,06-09-2018,Active,New York,Night
815.0,31.0,3565.0,5.0,4.0,Jennifer Ward,Female,IT,30-11-2021,Active,New York,Night
816.0,31.0,6825.0,2.0,12.0,Philip Henderson,Other,HR,04-06-2023,Active,New York,Morning
817.0,64.0,5547.0,0.0,7.0,Rachael Benson,Female,HR,28-03-2023,Inactive,New York,Night
818.0,18.0,5520.0,3.0,12.0,Donald Warner,Female,HR,09-10-2015,Inactive,Chicago,Night
819.0,43.0,5163.0,0.0,7.0,Wayne Schneider,Other,Sales,30-11-2022,Inactive,Chicago,Morning
820.0,54.0,7880.0,3.0,6.0,Amber Ward,Female,Sales,19-09-2024,Active,New York,Night
821.0,31.0,8949.0,0.0,5.0,Karen Washington,Male,Sales,21-10-2018,Inactive,New York,Morning
822.0,26.0,6872.0,0.0,15.0,Shawn Wells,Other,HR,30-08-2017,Active,Chicago,Night
823.0,52.0,5262.0,0.0,9.0,Michelle Jackson,Female,IT,16-09-2017,Inactive,Chicago,Morning
824.0,52.0,7966.0,1.0,13.0,Jesse Mendoza,Other,IT,01-11-2022,Inactive,New York,Night
825.0,65.0,3535.0,0.0,19.0,Tracy Powers,Female,IT,08-05-2020,Active,New York,Morning
826.0,54.0,9279.0,0.0,18.0,Sarah Sanders,Other,IT,24-03-2021,Inactive,New York,Morning
827.0,60.0,4635.0,5.0,9.0,Maria Franklin,Male,IT,16-10-2023,Inactive,New York,Night
828.0,20.0,3716.0,3.0,11.0,Melanie Andersen,Other,IT,07-01-2023,Inactive,Chicago,Night
829.0,55.0,7497.0,1.0,20.0,Michael Snyder,Other,Sales,03-02-2024,Inactive,New York,Morning
830.0,50.0,7236.0,0.0,12.0,Kimberly Morris,Female,Sales,17-02-2024,Inactive,New York,Morning
831.0,25.0,3612.0,0.0,15.0,Daniel Williamson,Male,IT,19-10-2021,Inactive,New York,Evening
832.0,18.0,7530.0,2.0,1.0,Jared Webb,Male,IT,22-06-2016,Inactive,New York,Morning
833.0,54.0,4232.0,5.0,3.0,Susan Davis,Female,Sales,03-07-2015,Active,Chicago,Morning
834.0,63.0,6576.0,0.0,11.0,Michelle Wolfe,Male,Sales,08-01-2016,Active,Los Angeles,Evening
835.0,53.0,4215.0,1.0,9.0,Keith Smith,Other,HR,19-11-2022,Active,Los Angeles,Morning
836.0,47.0,4906.0,2.0,8.0,Jonathan Rivera,Female,HR,08-06-2019,Inactive,Chicago,Night
837.0,42.0,7551.0,5.0,10.0,Bryan Walsh,Female,IT,11-04-2018,Inactive,Chicago,Night
838.0,36.0,7188.0,0.0,18.0,William Best,Other,HR,06-04-2023,Inactive,Chicago,Evening
839.0,59.0,2801.0,2.0,9.0,Anne Estes,Female,Sales,07-04-2015,Inactive,Los Angeles,Evening
840.0,22.0,7904.0,2.0,10.0,Jeffrey Morton,Female,HR,30-01-2024,Inactive,Chicago,Night
841.0,60.0,8240.0,4.0,13.0,Jacqueline Evans,Other,HR,27-11-2017,Inactive,New York,Night
842.0,30.0,2087.0,5.0,6.0,Tammy Smith,Female,Sales,09-01-2015,Inactive,Los Angeles,Morning
843.0,36.0,8775.0,0.0,3.0,Sara King,Female,Sales,31-05-2021,Inactive,Los Angeles,Evening
844.0,21.0,9051.0,5.0,20.0,Robert Goodman,Other,IT,26-03-2021,Inactive,New York,Evening
845.0,33.0,9693.0,0.0,17.0,Gerald Cooke,Other,Sales,29-08-2017,Inactive,New York,Morning
846.0,36.0,4316.0,0.0,17.0,Natasha Harris,Male,HR,16-02-2021,Active,Chicago,Evening
847.0,35.0,7435.0,0.0,19.0,Darryl Nolan,Male,HR,20-12-2018,Inactive,Chicago,Morning
848.0,55.0,4560.0,0.0,20.0,Edward Wilkerson,Other,Sales,14-01-2023,Inactive,Chicago,Morning
849.0,55.0,6659.0,2.0,18.0,Frank Gomez,Female,Sales,07-06-2021,Inactive,Chicago,Night
850.0,26.0,8255.0,0.0,2.0,Dr. Shawn Miranda,Male,HR,20-08-2017,Active,New York,Evening
851.0,59.0,5937.0,4.0,11.0,Geoffrey Roberts,Other,IT,15-10-2023,Inactive,Chicago,Night
852.0,61.0,7347.0,5.0,8.0,Elizabeth Kramer,Other,Sales,23-10-2017,Active,New York,Night
853.0,60.0,6762.0,3.0,2.0,Robert Williams,Male,IT,22-07-2017,Inactive,New York,Evening
854.0,61.0,5369.0,1.0,7.0,Mr. Ryan Beck,Male,IT,21-03-2024,Active,Los Angeles,Night
855.0,54.0,6897.0,2.0,20.0,Amy Heath,Male,Sales,02-01-2021,Active,Los Angeles,Evening
856.0,24.0,2499.0,0.0,8.0,Zachary Cox,Other,IT,19-08-2018,Active,New York,Night
857.0,23.0,7314.0,0.0,17.0,Nicholas Guerra,Male,HR,04-01-2016,Active,Los Angeles,Morning
858.0,41.0,9285.0,3.0,19.0,Sarah Fletcher,Male,HR,11-04-2023,Active,New York,Evening
859.0,41.0,7503.0,0.0,6.0,Katelyn Jacobson,Other,Sales,30-08-2018,Active,New York,Morning
860.0,28.0,8971.0,0.0,17.0,Jenna Marquez,Female,IT,21-03-2016,Inactive,New York,Night
861.0,23.0,7176.0,4.0,6.0,Jennifer Smith,Other,HR,13-03-2015,Active,Los Angeles,Evening
862.0,45.0,4808.0,2.0,10.0,Daniel Duke,Male,HR,13-12-2019,Active,Los Angeles,Evening
863.0,28.0,8191.0,0.0,2.0,Dana Payne,Male,HR,10-02-2022,Active,New York,Morning
864.0,39.0,2947.0,0.0,10.0,Miss Jessica Jones,Male,HR,04-10-2021,Inactive,Los Angeles,Evening
865.0,47.0,8619.0,2.0,13.0,Jessica Garcia,Male,Sales,23-08-2024,Active,Los Angeles,Night
866.0,19.0,5015.0,5.0,8.0,Rachel Jones,Female,HR,26-07-2021,Inactive,Los Angeles,Evening
867.0,22.0,5700.0,5.0,16.0,Brent Mendoza,Male,Sales,15-09-2021,Active,Chicago,Night
868.0,55.0,3695.0,1.0,6.0,Daniel Malone,Female,Sales,08-06-2016,Active,Chicago,Night
869.0,50.0,4694.0,5.0,10.0,Nicholas Rodriguez,Other,Sales,25-05-2021,Inactive,Chicago,Evening
870.0,26.0,2387.0,0.0,11.0,Jerry Lopez,Male,Sales,20-05-2019,Inactive,Chicago,Morning
871.0,41.0,8495.0,1.0,19.0,Nicole Cook,Female,HR,06-09-2022,Inactive,Los Angeles,Night
872.0,41.0,7556.0,0.0,16.0,Anthony Ferguson,Male,Sales,03-02-2023,Active,New York,Evening
873.0,52.0,5282.0,4.0,5.0,Kimberly Miller,Male,Sales,22-10-2022,Inactive,Los Angeles,Morning
874.0,25.0,7713.0,0.0,20.0,Jennifer Clark,Female,HR,18-05-2017,Inactive,Chicago,Evening
875.0,34.0,6706.0,0.0,13.0,Katherine Wong,Other,HR,15-10-2018,Active,Los Angeles,Evening
876.0,29.0,3452.0,0.0,19.0,John Becker,Female,IT,29-11-2022,Inactive,Chicago,Night
877.0,50.0,8274.0,0.0,3.0,Nicole Smith,Other,HR,06-11-2023,Active,New York,Evening
878.0,18.0,5086.0,0.0,4.0,Megan Castillo,Other,Sales,05-06-2022,Inactive,Chicago,Morning
879.0,54.0,2937.0,0.0,13.0,Ashley Alvarado,Other,IT,03-10-2018,Inactive,Los Angeles,Night
880.0,54.0,6185.0,0.0,1.0,Sarah Thomas,Male,IT,29-10-2016,Active,New York,Evening
881.0,53.0,8758.0,0.0,5.0,Mckenzie Moore,Male,HR,14-07-2023,Active,Chicago,Morning
882.0,41.0,7686.0,0.0,13.0,Ryan James,Male,Sales,16-02-2015,Inactive,Los Angeles,Evening
883.0,47.0,2029.0,0.0,17.0,Jaclyn Collins,Male,IT,05-12-2019,Active,Los Angeles,Morning
884.0,51.0,7315.0,0.0,8.0,Jay Atkinson,Male,HR,02-10-2024,Active,Chicago,Evening
885.0,65.0,8456.0,3.0,14.0,Whitney Chambers,Male,Sales,26-03-2016,Active,New York,Evening
886.0,21.0,8766.0,0.0,10.0,Dawn Gonzales,Male,HR,21-06-2020,Inactive,Los Angeles,Night
887.0,43.0,8772.0,0.0,6.0,Christine Hooper,Female,IT,13-10-2021,Active,New York,Morning
888.0,52.0,7588.0,1.0,9.0,Joel Anthony,Female,Sales,26-05-2017,Inactive,Chicago,Night
889.0,32.0,9511.0,0.0,3.0,Jodi Graves,Other,IT,23-05-2022,Inactive,Los Angeles,Evening
890.0,48.0,6114.0,1.0,1.0,Vicki Taylor,Female,IT,04-08-2021,Active,Chicago,Night
891.0,37.0,7496.0,5.0,7.0,Johnathan Donaldson,Female,IT,18-02-2020,Inactive,Chicago,Evening
892.0,60.0,8117.0,1.0,7.0,Monica Parker,Male,Sales,13-04-2020,Inactive,New York,Morning
893.0,31.0,4345.0,5.0,12.0,Chelsea Hill,Male,HR,03-05-2024,Active,Los Angeles,Night
894.0,34.0,7651.0,3.0,2.0,Lance Davis,Other,Sales,27-01-2019,Inactive,Chicago,Night
895.0,19.0,8059.0,4.0,3.0,Ruth Randall,Male,IT,24-07-2017,Active,Los Angeles,Night
896.0,56.0,3168.0,1.0,6.0,Patricia Lee,Female,HR,02-04-2016,Active,New York,Morning
897.0,36.0,6289.0,1.0,12.0,Tyrone Elliott,Male,HR,27-03-2016,Inactive,Chicago,Evening
898.0,56.0,4269.0,0.0,13.0,Laura Montgomery,Female,Sales,15-06-2020,Active,Los Angeles,Morning
899.0,44.0,9819.0,0.0,13.0,Tiffany Jordan,Male,Sales,15-07-2022,Active,New York,Morning
900.0,52.0,7473.0,2.0,10.0,Richard Pearson,Other,IT,24-04-2023,Active,Chicago,Morning
901.0,29.0,7568.0,5.0,17.0,John Rogers,Male,HR,13-01-2024,Active,Los Angeles,Evening
902.0,50.0,3312.0,0.0,4.0,Andrea Bond,Other,HR,08-06-2023,Inactive,Los Angeles,Evening
903.0,39.0,6644.0,0.0,7.0,Christina Henry,Female,HR,03-01-2018,Active,Chicago,Evening
904.0,42.0,9658.0,1.0,14.0,Leslie Mason,Other,Sales,31-10-2019,Inactive,New York,Evening
905.0,22.0,7388.0,4.0,13.0,Daniel Stanley,Other,HR,07-09-2016,Inactive,Chicago,Morning
906.0,36.0,2371.0,0.0,5.0,Bradley Parker,Other,Sales,16-03-2023,Active,Los Angeles,Evening
907.0,42.0,2015.0,1.0,14.0,Christina Carlson,Female,Sales,08-05-2020,Inactive,Chicago,Evening
908.0,59.0,5628.0,0.0,4.0,Kimberly Burke,Female,Sales,08-10-2016,Inactive,Chicago,Evening
909.0,34.0,9951.0,0.0,6.0,Sara Martinez,Other,HR,18-02-2024,Inactive,New York,Night
910.0,38.0,5134.0,5.0,14.0,Peter Hardy,Other,IT,04-12-2022,Active,Chicago,Night
911.0,49.0,6502.0,3.0,1.0,Kimberly Moses,Female,IT,28-05-2022,Active,Los Angeles,Evening
912.0,29.0,4999.0,0.0,16.0,Larry Fritz,Female,Sales,25-02-2021,Inactive,Los Angeles,Morning
913.0,59.0,4875.0,0.0,6.0,Courtney Lopez,Female,Sales,18-01-2015,Active,Los Angeles,Evening
914.0,56.0,5322.0,0.0,6.0,Megan Woods,Other,IT,10-10-2022,Active,Los Angeles,Evening
915.0,31.0,3340.0,0.0,4.0,Benjamin Brown,Female,HR,19-12-2016,Inactive,Los Angeles,Morning
916.0,21.0,6900.0,0.0,10.0,Matthew Cole,Female,HR,21-09-2016,Active,Chicago,Morning
917.0,50.0,6907.0,1.0,4.0,Jose Powell,Male,IT,09-01-2024,Active,Los Angeles,Night
918.0,45.0,6585.0,0.0,9.0,Erin Walker,Female,HR,18-02-2016,Inactive,Los Angeles,Evening
919.0,22.0,3625.0,4.0,14.0,Tammy Schneider,Other,IT,24-10-2016,Active,Chicago,Morning
920.0,56.0,9761.0,0.0,6.0,Cheryl Singh,Other,HR,14-05-2020,Inactive,Los Angeles,Evening
921.0,29.0,4077.0,1.0,3.0,Vicki Hicks,Male,HR,25-10-2015,Inactive,Chicago,Evening
922.0,52.0,5090.0,0.0,9.0,Rachel Spencer,Other,IT,26-12-2015,Active,Los Angeles,Evening
923.0,39.0,9553.0,0.0,15.0,Joseph Murillo,Male,HR,30-05-2018,Active,Los Angeles,Morning
924.0,34.0,6162.0,3.0,10.0,Eric Collins,Other,Sales,30-04-2018,Inactive,Chicago,Night
925.0,38.0,6578.0,0.0,1.0,Richard Martin,Male,Sales,13-09-2023,Active,Chicago,Morning
926.0,48.0,7192.0,0.0,4.0,John Thompson,Male,HR,05-12-2016,Inactive,Chicago,Night
927.0,55.0,6341.0,0.0,13.0,Laura Stewart,Female,HR,31-07-2023,Inactive,New York,Morning
928.0,23.0,3405.0,0.0,20.0,Jason Reed,Male,IT,11-01-2016,Inactive,Chicago,Night
929.0,62.0,4876.0,0.0,18.0,Christopher Taylor,Female,IT,11-12-2019,Active,Chicago,Night
930.0,45.0,5730.0,0.0,19.0,Nathaniel Castillo DDS,Other,HR,10-01-2016,Inactive,Los Angeles,Night
931.0,22.0,3681.0,3.0,16.0,Stephanie Rodriguez,Other,HR,23-04-2020,Active,New York,Night
932.0,20.0,2850.0,2.0,18.0,Ronald Miller,Male,Sales,24-10-2017,Active,New York,Night
933.0,50.0,9616.0,2.0,13.0,Kristin Cole,Male,Sales,03-02-2017,Inactive,Los Angeles,Night
934.0,37.0,3364.0,2.0,8.0,Jeanette Mcbride,Male,IT,10-12-2015,Active,Los Angeles,Evening
935.0,30.0,2735.0,0.0,16.0,Christopher Krause,Male,IT,11-11-2015,Active,New York,Evening
936.0,62.0,4369.0,0.0,17.0,Ryan Vazquez,Female,Sales,04-12-2024,Active,Chicago,Morning
937.0,65.0,8129.0,0.0,10.0,Justin Turner,Other,HR,29-02-2016,Active,New York,Night
938.0,52.0,9963.0,5.0,20.0,Gary Mitchell,Female,Sales,22-09-2016,Inactive,Los Angeles,Morning
939.0,60.0,8067.0,0.0,8.0,Andrea Odom,Female,Sales,03-12-2023,Inactive,New York,Evening
940.0,57.0,8927.0,0.0,17.0,Joshua Murphy,Female,HR,22-07-2024,Active,Chicago,Night
941.0,49.0,7068.0,0.0,11.0,Raymond Smith,Male,IT,22-05-2019,Active,Chicago,Morning
942.0,38.0,8277.0,4.0,9.0,Elizabeth Middleton,Other,HR,05-09-2020,Inactive,Los Angeles,Evening
943.0,60.0,2300.0,0.0,13.0,Logan Peterson,Other,IT,17-02-2017,Active,New York,Morning
944.0,35.0,7251.0,3.0,19.0,Tina Ramos,Male,IT,15-12-2020,Active,Los Angeles,Evening
945.0,29.0,9402.0,0.0,1.0,Mary Armstrong,Female,HR,13-12-2017,Active,New York,Night
946.0,49.0,2940.0,5.0,8.0,Joel Tyler,Male,Sales,05-05-2020,Inactive,New York,Night
947.0,23.0,6916.0,0.0,10.0,Alex Walker,Male,IT,11-10-2016,Inactive,Los Angeles,Morning
948.0,60.0,4595.0,0.0,6.0,Laura White,Other,IT,17-07-2016,Inactive,New York,Night
949.0,62.0,7389.0,3.0,10.0,Kevin Bates,Other,HR,03-01-2021,Active,Los Angeles,Evening
950.0,52.0,5770.0,1.0,10.0,Dustin Carrillo,Other,Sales,20-06-2016,Inactive,Los Angeles,Morning
951.0,44.0,2389.0,0.0,15.0,Glenn Alexander,Male,IT,10-04-2015,Inactive,Chicago,Evening
952.0,43.0,5833.0,4.0,15.0,Kevin Pearson,Female,IT,28-06-2021,Active,Chicago,Night
953.0,20.0,2786.0,1.0,15.0,Carmen Hurley,Male,HR,14-10-2024,Active,Los Angeles,Morning
954.0,53.0,5616.0,4.0,16.0,Ruth Osborne,Male,HR,31-07-2022,Active,Los Angeles,Night
955.0,42.0,4887.0,3.0,13.0,Gregory James,Other,Sales,28-08-2020,Inactive,Chicago,Night
956.0,49.0,3437.0,0.0,18.0,Erin Kelley,Other,Sales,19-08-2019,Inactive,Los Angeles,Night
957.0,54.0,6091.0,2.0,12.0,Debra Knox,Other,Sales,22-01-2018,Active,New York,Evening
958.0,34.0,6501.0,0.0,13.0,Stacy Rogers,Other,Sales,25-10-2023,Active,Chicago,Night
959.0,51.0,6415.0,1.0,8.0,Morgan Coleman,Female,HR,20-03-2022,Inactive,New York,Evening
960.0,63.0,7490.0,0.0,16.0,Alex Stuart,Other,HR,11-03-2023,Active,New York,Night
961.0,63.0,4954.0,1.0,15.0,Charlene Nelson,Other,Sales,22-11-2021,Inactive,New York,Night
962.0,21.0,3896.0,0.0,7.0,Paula Moreno,Female,Sales,14-03-2021,Active,Chicago,Night
963.0,65.0,6788.0,4.0,6.0,Matthew Rowe,Female,Sales,22-01-2024,Active,New York,Evening
964.0,35.0,3433.0,4.0,3.0,John Jordan,Male,HR,06-09-2020,Active,Chicago,Night
965.0,46.0,3132.0,2.0,10.0,April Parsons,Other,IT,04-07-2015,Inactive,Chicago,Evening
966.0,65.0,2959.0,0.0,2.0,Edgar Herrera MD,Female,HR,26-06-2019,Active,Los Angeles,Evening
967.0,50.0,2736.0,1.0,13.0,Andres Barnett,Female,HR,25-08-2024,Active,Chicago,Evening
968.0,25.0,4977.0,2.0,19.0,Elizabeth Miles,Other,IT,05-07-2024,Inactive,Los Angeles,Evening
969.0,65.0,8928.0,1.0,6.0,Nicholas Edwards,Other,Sales,05-04-2020,Active,Chicago,Evening
970.0,53.0,8260.0,0.0,15.0,Michael Mejia,Male,Sales,30-08-2020,Inactive,New York,Night
971.0,50.0,5639.0,3.0,1.0,Michael Reed,Male,IT,07-09-2015,Inactive,New York,Morning
972.0,22.0,9049.0,0.0,19.0,Kelsey Fischer,Male,IT,21-06-2016,Inactive,Chicago,Night
973.0,23.0,6871.0,4.0,15.0,James Mendoza,Other,Sales,11-04-2016,Inactive,New York,Morning
974.0,18.0,3388.0,0.0,19.0,Catherine Kelley,Other,IT,26-08-2024,Inactive,Chicago,Evening
975.0,37.0,3288.0,2.0,15.0,Brett Myers,Male,IT,16-05-2018,Inactive,Los Angeles,Night
976.0,52.0,2093.0,0.0,14.0,Bryce Anderson,Female,IT,22-09-2020,Active,New York,Night
977.0,19.0,9331.0,5.0,12.0,Kimberly Ross,Male,Sales,03-07-2018,Active,New York,Morning
978.0,24.0,5081.0,3.0,7.0,Larry Johnson,Other,Sales,30-10-2020,Inactive,New York,Morning
979.0,18.0,6086.0,4.0,7.0,Michael Lee,Female,IT,30-05-2019,Inactive,Los Angeles,Evening
980.0,55.0,4952.0,2.0,5.0,Crystal Espinoza,Female,IT,04-09-2023,Active,Chicago,Night
981.0,28.0,2244.0,4.0,2.0,Jeffrey Johnson,Male,HR,06-07-2021,Inactive,Chicago,Night
982.0,31.0,4921.0,0.0,19.0,Emily Anderson,Female,Sales,29-08-2016,Active,New York,Evening
983.0,46.0,8696.0,4.0,1.0,Stephen Ponce,Other,Sales,14-10-2022,Active,New York,Evening
984.0,43.0,8830.0,0.0,19.0,David Moody,Male,HR,10-09-2021,Inactive,Chicago,Evening
985.0,41.0,8768.0,3.0,16.0,Jeffrey Hall,Other,IT,27-08-2018,Inactive,Los Angeles,Night
986.0,62.0,8555.0,1.0,14.0,Regina Ferguson,Other,HR,21-04-2017,Inactive,Los Angeles,Morning
987.0,39.0,9618.0,1.0,13.0,Melissa Bradley,Female,IT,05-07-2015,Active,New York,Morning
988.0,31.0,5605.0,0.0,1.0,Danielle Brown,Female,IT,28-06-2024,Active,Chicago,Morning
989.0,36.0,9118.0,5.0,5.0,Hannah Hickman,Female,IT,02-07-2022,Active,New York,Night
990.0,18.0,9985.0,4.0,18.0,Shannon Meyer,Other,HR,05-11-2022,Active,Chicago,Night
991.0,53.0,3991.0,4.0,8.0,Amy Johnston,Female,HR,03-09-2024,Active,Chicago,Morning
992.0,23.0,4311.0,0.0,10.0,William Schultz,Other,Sales,17-08-2019,Inactive,Los Angeles,Evening
993.0,25.0,5524.0,0.0,8.0,Ashley Daniels,Other,Sales,24-11-2022,Inactive,New York,Morning
994.0,31.0,3371.0,5.0,12.0,Brandon Bruce,Female,HR,25-09-2018,Inactive,Chicago,Night
995.0,22.0,3096.0,2.0,7.0,Rachel Phillips,Male,IT,27-10-2018,Inactive,Chicago,Evening
996.0,49.0,7652.0,4.0,3.0,Pamela Reeves,Female,Sales,23-06-2024,Active,Los Angeles,Evening
997.0,29.0,6754.0,0.0,12.0,Todd Johnson,Female,Sales,20-07-2018,Inactive,New York,Morning
998.0,18.0,5278.0,5.0,3.0,Michael Sanchez,Male,Sales,05-07-2023,Active,New York,Morning
999.0,51.0,5437.0,4.0,9.0,Ashley Taylor,Female,IT,18-02-2022,Inactive,Los Angeles,Evening
1000.0,45.0,7364.0,2.0,4.0,Shawn Scott,Male,IT,31-07-2022,Active,New York,Morning
